A1,A2,A3,B1,B2,B3,C1,C2,C3
185940204.46,-166055430.67,1150279700.46,234482915.94,-133788647.73,1152067447.45,462292135.17,-847685716.18,1168692862.09
A1,A2,A3,B1,B2,B3,C1,C2,C3
186772296.63,-170855933.70,1158721551.68,239680238.04,-139893419.91,1160710089.84,462732330.95,-845190934.05,1177048368.48
A1,A2,A3,B1,B2,B3,C1,C2,C3
189431644.90,-174797921.87,1167260376.67,243184697.34,-147209532.74,1169317496.33,463058478.13,-842369774.21,1185422137.00
A1,A2,A3,B1,B2,B3,C1,C2,C3
194012473.21,-177965310.51,1175901040.22,244904274.15,-155658944.01,1177884953.14,463268372.44,-839216363.55,1193814016.64
A1,A2,A3,B1,B2,B3,C1,C2,C3
200755201.45,-180398758.40,1184654304.42,244600909.16,-165207332.44,1186401860.37,463359653.30,-835724364.59,1202223845.21
A1,A2,A3,B1,B2,B3,C1,C2,C3
210193611.43,-182124683.45,1193543455.70,241743370.90,-175835107.71,1194845106.63,463329770.38,-831886949.70,1210651447.67
A1,A2,A3,B1,B2,B3,C1,C2,C3
223863809.53,-183407892.12,1202637303.80,234798330.19,-187284785.24,1203146071.71,463175946.48,-827696797.04,1219096634.49
A1,A2,A3,B1,B2,B3,C1,C2,C3
242262455.64,-190534561.29,1212017106.86,223272149.86,-193277947.08,1211223701.76,462895158.88,-823146147.66,1227559201.38
A1,A2,A3,B1,B2,B3,C1,C2,C3
255141932.49,-201377635.58,1221220392.90,217415566.13,-195949783.23,1219540680.78,462484288.60,-818226866.93,1236038936.32
A1,A2,A3,B1,B2,B3,C1,C2,C3
264652705.93,-212034973.52,1230302827.41,215081259.09,-199211176.16,1228041562.22,461940189.76,-812930213.86,1244535620.37
A1,A2,A3,B1,B2,B3,C1,C2,C3
271802547.57,-222300037.53,1239305934.49,215264806.40,-203278149.54,1236685056.82,461259513.03,-807246702.37,1253049018.69
A1,A2,A3,B1,B2,B3,C1,C2,C3
276989193.14,-232111281.79,1248246292.43,217572141.75,-208222529.67,1245454842.47,460438589.03,-801166051.98,1261578875.10
A1,A2,A3,B1,B2,B3,C1,C2,C3
280389518.92,-241408079.11,1257130957.22,221830465.10,-214116076.75,1254344145.05,459473341.49,-794677129.65,1270124907.73
A1,A2,A3,B1,B2,B3,C1,C2,C3
282056019.09,-250099056.72,1265961324.64,227991844.12,-221062219.58,1263351880.38,458359208.60,-787767879.39,1278686804.98
A1,A2,A3,B1,B2,B3,C1,C2,C3
281937719.00,-258030462.63,1274733731.65,236112375.06,-229227773.22,1272482056.85,457091068.71,-780425238.10,1287264221.49
A1,A2,A3,B1,B2,B3,C1,C2,C3
279854303.18,-264914635.99,1283437659.23,246378120.52,-238914569.63,1281745576.38,455663174.75,-772635034.69,1295856774.39
A1,A2,A3,B1,B2,B3,C1,C2,C3
275388102.53,-270078102.17,1292048673.72,259213163.29,-250811488.87,1291167296.01,454069112.96,-764381863.72,1304464040.27
A1,A2,A3,B1,B2,B3,C1,C2,C3
268205162.86,-270476694.82,1300523392.39,274958507.89,-267979518.55,1300791062.82,452301833.06,-755648903.93,1313085554.79
A1,A2,A3,B1,B2,B3,C1,C2,C3
267550122.44,-266872192.48,1309268011.01,284377030.85,-289675564.93,1310211183.17,450353820.23,-746417470.51,1321720815.82
A1,A2,A3,B1,B2,B3,C1,C2,C3
270568909.27,-267220280.65,1318235077.95,290331063.46,-307965331.90,1319475668.69,448216815.20,-736666174.10,1330369263.36
A1,A2,A3,B1,B2,B3,C1,C2,C3
275033788.98,-270483329.64,1327318581.79,295057938.62,-323910757.36,1328691176.36,445881219.42,-726370706.46,1339030251.85
A1,A2,A3,B1,B2,B3,C1,C2,C3
280438982.91,-276196261.77,1336492269.91,299074561.37,-338004356.17,1337884700.10,443335906.50,-715503630.42,1347703039.99
A1,A2,A3,B1,B2,B3,C1,C2,C3
286558158.80,-284164536.81,1345744523.65,302620118.66,-350471734.74,1347068708.96,440568021.78,-704033879.81,1356386777.38
A1,A2,A3,B1,B2,B3,C1,C2,C3
293259272.99,-294333389.61,1355069123.58,305841517.03,-361403077.55,1356250400.88,437562702.37,-691926035.29,1365080485.53
A1,A2,A3,B1,B2,B3,C1,C2,C3
300448506.44,-306752925.92,1364462497.87,308849819.64,-370789057.60,1365434479.96,434302704.14,-679139318.10,1373783032.17
A1,A2,A3,B1,B2,B3,C1,C2,C3
308040749.05,-321587086.98,1373922533.89,311750258.88,-378513290.31,1374624379.80,430767904.81,-665626171.61,1382493096.31
A1,A2,A3,B1,B2,B3,C1,C2,C3
315923625.03,-339175270.47,1383447612.19,314678891.96,-384292785.53,1383823278.67,426934622.94,-651330188.25,1391209119.14
A1,A2,A3,B1,B2,B3,C1,C2,C3
323841191.79,-360244452.79,1393033606.41,317919905.09,-387469030.51,1393037173.36,422774614.95,-636182904.41,1399929230.24
A1,A2,A3,B1,B2,B3,C1,C2,C3
330099704.02,-386852322.91,1402627007.27,323201622.15,-386070267.88,1402321883.19,418253302.23,-620098388.46,1408651119.54
A1,A2,A3,B1,B2,B3,C1,C2,C3
328860566.28,-412615107.60,1411915100.69,336408699.75,-386593427.08,1411993186.96,413324623.63,-602963484.21,1417371722.35
A1,A2,A3,B1,B2,B3,C1,C2,C3
328451737.94,-433436332.31,1421218287.24,349283628.98,-393286898.88,1421735170.18,407918128.68,-584626275.42,1426086552.57
A1,A2,A3,B1,B2,B3,C1,C2,C3
329798549.95,-452245547.44,1430604379.37,361012186.02,-403429691.24,1431486800.12,401922710.25,-564878203.76,1434788830.52
A1,A2,A3,B1,B2,B3,C1,C2,C3
332983061.53,-469956324.80,1440085612.82,371702077.17,-416415100.33,1441246950.81,395148602.85,-543412401.21,1443467446.38
A1,A2,A3,B1,B2,B3,C1,C2,C3
338352689.96,-487110483.96,1449682136.80,381393369.33,-432186838.29,1451016815.71,387208322.25,-519743336.10,1452101057.49
A1,A2,A3,B1,B2,B3,C1,C2,C3
347043225.98,-503871782.47,1459444524.30,389950066.88,-451184322.68,1460794708.08,377102073.37,-493267833.30,1460640777.62
A1,A2,A3,B1,B2,B3,C1,C2,C3
360187098.90,-517833298.89,1469398737.12,395762302.56,-474436231.27,1470520944.93,365307294.14,-465364136.47,1469120327.95
A1,A2,A3,B1,B2,B3,C1,C2,C3
375587263.30,-527310224.97,1479433927.83,396550273.11,-499479393.11,1480073699.59,356300833.26,-440180224.83,1477772382.58
A1,A2,A3,B1,B2,B3,C1,C2,C3
393319607.56,-531471532.04,1489545461.71,393480811.65,-526776252.70,1489507728.30,348839969.19,-418084682.53,1486546819.99
A1,A2,A3,B1,B2,B3,C1,C2,C3
405574021.18,-529453128.91,1499388064.85,395037015.85,-558151153.63,1499206486.55,342251714.80,-398117257.18,1495405458.60
A1,A2,A3,B1,B2,B3,C1,C2,C3
414416263.39,-531440050.72,1509147828.41,399365043.20,-583942058.96,1508998005.93,336324153.36,-379754950.59,1504334175.66
A1,A2,A3,B1,B2,B3,C1,C2,C3
422161075.83,-535248494.49,1518903860.36,404258208.92,-606630625.78,1518810676.41,330949228.00,-362699908.65,1513325473.24
A1,A2,A3,B1,B2,B3,C1,C2,C3
429119272.35,-540301974.34,1528664086.85,409479097.36,-626984607.66,1528641559.66,326053540.53,-346760863.66,1522374363.49
A1,A2,A3,B1,B2,B3,C1,C2,C3
435443087.03,-546354156.51,1538432732.90,414930079.50,-645384124.22,1538490060.44,321582485.88,-331804029.74,1531477216.67
A1,A2,A3,B1,B2,B3,C1,C2,C3
441228751.43,-553278667.04,1548212748.49,420557456.98,-662054585.45,1548356006.79,317493530.86,-317730370.90,1540631254.72
A1,A2,A3,B1,B2,B3,C1,C2,C3
446544909.64,-561007509.48,1558006448.74,426326742.44,-677140335.00,1558239284.25,313752518.73,-304463539.92,1549834277.01
A1,A2,A3,B1,B2,B3,C1,C2,C3
451444210.30,-569506844.77,1567815783.56,432213345.87,-690735891.99,1568139731.27,310331390.87,-291942856.74,1559084495.17
A1,A2,A3,B1,B2,B3,C1,C2,C3
455969161.73,-578766079.74,1577642486.55,438198219.84,-702901238.19,1578057096.75,307206686.39,-280118932.76,1568380426.70
A1,A2,A3,B1,B2,B3,C1,C2,C3
460155568.25,-588792883.61,1587488175.80,444265456.39,-713669674.62,1587991011.13,304358508.92,-268950797.74,1577720823.07
A1,A2,A3,B1,B2,B3,C1,C2,C3
464034838.60,-599611466.72,1597354437.16,450400713.96,-723051509.57,1597940953.62,301769791.28,-258403933.05,1587104619.23
A1,A2,A3,B1,B2,B3,C1,C2,C3
467635802.56,-611263207.53,1607242908.57,456589937.41,-731034824.10,1607906204.22,299425758.85,-248448879.18,1596530897.20
A1,A2,A3,B1,B2,B3,C1,C2,C3
470986474.18,-623809640.77,1617155384.65,462817993.88,-737583497.72,1617885766.10,297313530.42,-239060221.88,1605998859.25
A1,A2,A3,B1,B2,B3,C1,C2,C3
474116261.27,-637338697.55,1627093971.37,469066763.87,-742631723.74,1627878230.98,295421817.68,-230215836.72,1615507807.66
A1,A2,A3,B1,B2,B3,C1,C2,C3
477059544.51,-651976591.79,1637061353.69,475311789.39,-746072696.54,1637881526.81,293740697.95,-221896315.41,1625057129.50
A1,A2,A3,B1,B2,B3,C1,C2,C3
479862987.59,-667911412.35,1647061335.55,481515134.17,-747735461.61,1647892389.36,292261443.80,-214084523.62,1634646285.09
A1,A2,A3,B1,B2,B3,C1,C2,C3
482604454.70,-685445875.26,1657100158.35,487606588.97,-747332507.27,1657905052.29,290976400.30,-206765256.97,1644274799.37
A1,A2,A3,B1,B2,B3,C1,C2,C3
485461201.96,-705144301.47,1667190842.58,493415557.93,-744313054.01,1667906911.38,289878907.16,-199924974.03,1653942256.04
A1,A2,A3,B1,B2,B3,C1,C2,C3
489229155.20,-728463161.88,1677381598.41,498151803.80,-737232708.42,1677850116.91,288963275.83,-193551597.31,1663648294.68
A1,A2,A3,B1,B2,B3,C1,C2,C3
499893510.95,-753333709.03,1687911022.87,495834768.13,-728170912.28,1687496373.79,288224868.21,-187634432.50,1673392613.34
A1,A2,A3,B1,B2,B3,C1,C2,C3
511766787.75,-772035441.52,1698460193.60,492155583.93,-724857219.99,1697164848.11,287660032.74,-182164426.59,1683174968.30
A1,A2,A3,B1,B2,B3,C1,C2,C3
522496499.35,-787759419.75,1708957962.80,489469994.33,-724108105.05,1706926899.92,287265512.58,-177134045.67,1692995147.28
A1,A2,A3,B1,B2,B3,C1,C2,C3
532223603.41,-801455636.99,1719419455.34,487640084.85,-724980089.23,1716767597.69,287038264.52,-172536774.73,1702852956.97
A1,A2,A3,B1,B2,B3,C1,C2,C3
541054381.06,-813529818.91,1729853119.35,486562389.90,-727073198.80,1726678669.54,286975473.02,-168366861.80,1712748221.11
A1,A2,A3,B1,B2,B3,C1,C2,C3
549056598.93,-824205712.84,1740264008.86,486171721.25,-730168819.39,1736655221.56,287074559.68,-164619173.93,1722680779.59
A1,A2,A3,B1,B2,B3,C1,C2,C3
556272837.51,-833621789.48,1750655279.34,486427836.66,-734133088.39,1746694243.03,287333186.26,-161289103.04,1732650487.63
A1,A2,A3,B1,B2,B3,C1,C2,C3
562728215.48,-841868454.01,1761028875.25,487307716.80,-738879749.66,1756793919.59,287749253.42,-158372500.07,1742657215.16
A1,A2,A3,B1,B2,B3,C1,C2,C3
568434527.39,-849005306.91,1771385872.85,488801431.32,-744352940.47,1766953291.00,288320896.93,-155865627.29,1752700846.15
A1,A2,A3,B1,B2,B3,C1,C2,C3
573392285.02,-855069998.43,1781726652.56,490910102.87,-750518372.33,1777172079.37,289046482.38,-153765122.93,1762781278.08
A1,A2,A3,B1,B2,B3,C1,C2,C3
577591361.10,-860082892.51,1792050971.17,493645269.48,-757358693.44,1787450617.44,289924599.00,-152067974.85,1772898421.39
A1,A2,A3,B1,B2,B3,C1,C2,C3
581010469.17,-864049268.65,1802357960.34,497029411.33,-764871306.02,1797789850.61,290954053.08,-150771501.32,1783052199.05
A1,A2,A3,B1,B2,B3,C1,C2,C3
583615372.83,-866959743.78,1812646053.31,501097748.23,-773067957.92,1808191410.57,292133861.22,-149873337.60,1793242546.12
A1,A2,A3,B1,B2,B3,C1,C2,C3
585355322.09,-868789003.80,1822912819.06,505901809.97,-781976019.06,1818657781.56,293463243.58,-149371427.81,1803469409.37
A1,A2,A3,B1,B2,B3,C1,C2,C3
586156510.37,-869492385.84,1833154647.44,511515986.25,-791641902.25,1829192615.56,294941617.08,-149264022.07,1813732747.00
A1,A2,A3,B1,B2,B3,C1,C2,C3
585909726.78,-868998972.48,1843366150.54,518049881.33,-802137965.96,1839801331.16,296568588.34,-149549679.27,1824032528.30
A1,A2,A3,B1,B2,B3,C1,C2,C3
584444861.59,-867197855.07,1853538931.80,525673816.25,-813576241.49,1850492344.73,298343946.03,-150227276.81,1834368733.48
A1,A2,A3,B1,B2,B3,C1,C2,C3
581469102.12,-863908511.43,1863658636.90,534680642.16,-826138036.16,1861280019.70,300267651.71,-151296029.54,1844741353.40
A1,A2,A3,B1,B2,B3,C1,C2,C3
576365848.53,-858807106.52,1873695574.73,545686837.43,-840147599.25,1872194045.91,302339826.83,-152755523.19,1855150389.36
A1,A2,A3,B1,B2,B3,C1,C2,C3
566810901.93,-851449452.39,1883545218.62,561016343.25,-856049101.20,1883338938.72,304560729.10,-154605775.32,1865595852.66
A1,A2,A3,B1,B2,B3,C1,C2,C3
552423792.43,-850017834.37,1893269028.79,581049326.82,-865659687.78,1894653219.45,306930661.20,-156847354.78,1876077761.76
A1,A2,A3,B1,B2,B3,C1,C2,C3
542130264.72,-851944187.89,1903227745.53,596859947.22,-871546334.58,1905776133.29,309449719.37,-159481350.57,1886596131.18
A1,A2,A3,B1,B2,B3,C1,C2,C3
534326064.79,-854642814.95,1913327527.88,610052516.35,-876293382.21,1916801510.77,312117845.72,-162509120.09,1897150971.35
A1,A2,A3,B1,B2,B3,C1,C2,C3
528352539.07,-857702486.22,1923536038.11,621285726.80,-880310463.04,1927761676.11,314935001.21,-165932260.29,1907742295.78
A1,A2,A3,B1,B2,B3,C1,C2,C3
523888555.90,-860954740.21,1933837814.62,630880652.78,-883764178.41,1938672070.72,317901243.32,-169752631.32,1918370124.66
A1,A2,A3,B1,B2,B3,C1,C2,C3
520748413.74,-864307817.47,1944223970.26,639022797.24,-886744142.43,1949541552.78,321016770.63,-173972378.51,1929034486.96
A1,A2,A3,B1,B2,B3,C1,C2,C3
518816256.85,-867703769.88,1954688953.81,645827646.01,-889305851.76,1960375634.20,324281953.02,-178593953.35,1939735421.99
A1,A2,A3,B1,B2,B3,C1,C2,C3
518018374.68,-871102374.00,1965229201.51,651368346.12,-891486751.31,1971177827.98,327697354.06,-183620134.34,1950472980.51
A1,A2,A3,B1,B2,B3,C1,C2,C3
518309753.89,-874473721.22,1975842486.17,655689135.76,-893313622.73,1981950298.10,331263748.87,-189054048.46,1961247225.73
A1,A2,A3,B1,B2,B3,C1,C2,C3
519667174.88,-877794291.27,1986527581.92,658812232.62,-894806488.11,1992694193.90,334982139.37,-194899193.88,1972058234.18
A1,A2,A3,B1,B2,B3,C1,C2,C3
522085877.02,-881044616.40,1997284098.01,660741155.06,-895980921.50,2003409815.46,338853767.81,-201159464.31,1982906096.53
A1,A2,A3,B1,B2,B3,C1,C2,C3
525578599.45,-884207710.26,2008112422.51,661461668.92,-896849593.45,2014096669.13,342880129.24,-207839175.52,1993790918.37
A1,A2,A3,B1,B2,B3,C1,C2,C3
530176673.27,-887267822.40,2019013757.58,660940683.73,-897423487.34,2024753431.44,347062983.01,-214943094.61,2004712820.99
A1,A2,A3,B1,B2,B3,C1,C2,C3
535933493.46,-890209193.41,2029990257.43,659122770.46,-897713111.97,2035377810.42,351404363.17,-222476472.19,2015671942.14
A1,A2,A3,B1,B2,B3,C1,C2,C3
542931558.09,-893014412.03,2041045316.48,655923113.77,-897730108.55,2045966256.76,355906587.01,-230445078.29,2026668436.75
A1,A2,A3,B1,B2,B3,C1,C2,C3
551296003.29,-895661591.17,2052184126.56,651213971.76,-897490035.16,2056513405.95,360572260.28,-238855241.93,2037702477.49
A1,A2,A3,B1,B2,B3,C1,C2,C3
561222120.99,-898118256.03,2063414806.22,644797158.99,-897018434.92,2067010948.57,365404276.49,-247713894.81,2048774255.21
A1,A2,A3,B1,B2,B3,C1,C2,C3
573039409.02,-900324487.37,2074751004.34,636340008.22,-896367645.79,2077445026.82,370405805.06,-257028618.17,2059883978.83
A1,A2,A3,B1,B2,B3,C1,C2,C3
587404278.61,-902125791.57,2086219577.32,625182695.85,-895683882.60,2087788558.27,375580258.36,-266807690.83,2071031874.41
A1,A2,A3,B1,B2,B3,C1,C2,C3
606346008.46,-902519265.83,2097898551.21,609292366.87,-895961032.43,2097963276.71,380931212.69,-277060128.50,2082218182.08
A1,A2,A3,B1,B2,B3,C1,C2,C3
625113461.83,-894741665.50,2109518521.25,593416610.06,-903952638.07,2108238341.46,386462216.01,-287795633.05,2093443147.29
A1,A2,A3,B1,B2,B3,C1,C2,C3
638003100.28,-887037578.82,2120911829.10,583255471.76,-911404069.60,2118781164.60,392176760.44,-299024246.15,2104707016.30
A1,A2,A3,B1,B2,B3,C1,C2,C3
648236377.57,-880192736.31,2132224972.58,575583664.47,-917519157.10,2129444983.49,398078679.69,-310756407.18,2116010053.93
A1,A2,A3,B1,B2,B3,C1,C2,C3
656585964.46,-874009442.53,2143489413.97,569624223.85,-922484432.33,2140198044.34,404172267.37,-323003279.86,2127352551.70
A1,A2,A3,B1,B2,B3,C1,C2,C3
663399651.95,-868368154.61,2154719024.07,565024569.38,-926407326.55,2151026154.37,410462312.98,-335776975.78,2138734831.57
A1,A2,A3,B1,B2,B3,C1,C2,C3
668871283.21,-863192495.31,2165921441.06,561585527.77,-929350952.58,2161921319.14,416954146.65,-349090759.37,2150157249.80
A1,A2,A3,B1,B2,B3,C1,C2,C3
673119516.40,-858431337.47,2177101298.90,559182513.72,-931351802.88,2172878509.63,423653695.51,-362959265.30,2161620201.46
A1,A2,A3,B1,B2,B3,C1,C2,C3
676219477.26,-854049968.90,2188261509.21,557733807.02,-932428338.03,2183894374.99,430567554.03,-377398745.23,2173124125.80
A1,A2,A3,B1,B2,B3,C1,C2,C3
678217814.90,-850025464.64,2199403866.87,557185409.73,-932585323.26,2194966630.33,437703071.06,-392427358.84,2184669512.79
A1,A2,A3,B1,B2,B3,C1,C2,C3
679140536.29,-846344249.05,2210529365.01,557503104.03,-931815913.58,2206093733.88,445068457.42,-408065526.77,2196256911.11
A1,A2,A3,B1,B2,B3,C1,C2,C3
678997161.31,-843000988.38,2221638363.67,558668163.86,-930102324.07,2217274708.25,452672919.32,-424336367.72,2207886938.08
A1,A2,A3,B1,B2,B3,C1,C2,C3
677782691.87,-839998480.76,2232730673.82,560675219.63,-927415388.00,2228509044.11,460526824.42,-441266250.28,2219560292.06
A1,A2,A3,B1,B2,B3,C1,C2,C3
675478012.00,-837348524.95,2243805582.84,563531649.89,-923712978.37,2239796658.93,468641910.14,-458885502.66,2231277768.23
A1,A2,A3,B1,B2,B3,C1,C2,C3
672048849.86,-835074048.56,2254861830.00,567258356.14,-918936949.49,2251137901.26,477031546.83,-477229342.98,2243040278.74
A1,A2,A3,B1,B2,B3,C1,C2,C3
667443019.57,-833213241.59,2265897526.76,571892185.42,-913007759.24,2262533604.13,485711073.32,-496339123.32,2254848879.11
A1,A2,A3,B1,B2,B3,C1,C2,C3
661585073.94,-831827423.40,2276910000.93,577490846.21,-905814901.68,2273985206.10,494698228.34,-516264030.31,2266704802.97
A1,A2,A3,B1,B2,B3,C1,C2,C3
654366302.79,-831016885.80,2287895515.82,584142350.86,-897198684.15,2285494985.33,504013709.71,-537063464.74,2278609508.85
A1,A2,A3,B1,B2,B3,C1,C2,C3
645624990.70,-830956727.06,2298848759.36,591984028.40,-886910981.59,2297066506.48,513681903.80,-558810453.47,2290564744.16
A1,A2,A3,B1,B2,B3,C1,C2,C3
635102991.78,-831995907.09,2309761912.93,601244990.48,-874511179.87,2308705462.90,523731844.87,-581596650.64,2302572634.16
A1,A2,A3,B1,B2,B3,C1,C2,C3
622346523.24,-835063992.04,2320624241.60,612344030.25,-858952039.30,2320419959.64,534198522.56,-605539729.86,2314635808.76
A1,A2,A3,B1,B2,B3,C1,C2,C3
609181000.96,-844063619.27,2331551664.72,623412429.86,-836176954.31,2332090743.28,545125238.83,-630793659.30,2326757602.00
A1,A2,A3,B1,B2,B3,C1,C2,C3
603145685.43,-852548838.12,2342808179.44,626847462.51,-812427993.26,2343449137.41,556575459.99,-657562321.27,2338942693.15
A1,A2,A3,B1,B2,B3,C1,C2,C3
599106347.73,-856928559.75,2354138043.09,627660838.38,-791001786.84,2354742795.02,568671704.79,-686140173.93,2351199171.89
A1,A2,A3,B1,B2,B3,C1,C2,C3
595877664.08,-858119802.35,2365498832.36,626753016.52,-770495515.64,2365997222.86,581698837.96,-717013018.48,2363543954.78
A1,A2,A3,B1,B2,B3,C1,C2,C3
593154149.98,-856347027.42,2376879500.82,623354416.75,-749879156.03,2377169407.74,596731924.17,-750986417.06,2376031101.44
A1,A2,A3,B1,B2,B3,C1,C2,C3
590952774.61,-851422878.45,2388278997.47,615251185.74,-731594630.11,2388187056.79,615967847.58,-785805804.10,2388733955.74
A1,A2,A3,B1,B2,B3,C1,C2,C3
590027149.60,-842913820.31,2399725716.85,606180611.40,-717904032.84,2399232976.12,634915708.65,-819642619.74,2401441317.03
A1,A2,A3,B1,B2,B3,C1,C2,C3
591997328.36,-831662017.75,2411297585.05,597332271.51,-707195333.02,2410343156.78,650765876.19,-853266730.45,2414039268.17
A1,A2,A3,B1,B2,B3,C1,C2,C3
596592090.73,-819718108.74,2423002415.36,588788792.12,-698913160.46,2421515878.46,663706944.29,-885182868.42,2426521716.17
A1,A2,A3,B1,B2,B3,C1,C2,C3
602490283.96,-807575289.51,2434787889.80,580642624.80,-692845242.97,2432753110.42,674967614.15,-915110109.65,2438939009.79
A1,A2,A3,B1,B2,B3,C1,C2,C3
608897410.97,-795059523.40,2446618066.73,573038103.63,-688884598.18,2444060062.91,685198048.77,-943329473.14,2451321880.35
A1,A2,A3,B1,B2,B3,C1,C2,C3
615310802.22,-781981045.48,2458469448.17,566165539.58,-686954470.28,2455444217.98,694710606.72,-970107479.66,2463686343.84
A1,A2,A3,B1,B2,B3,C1,C2,C3
621328508.59,-768221414.61,2470323561.37,560256703.12,-686972174.51,2466914790.34,703675466.63,-995645255.07,2476041658.29
A1,A2,A3,B1,B2,B3,C1,C2,C3
626578532.58,-753745919.49,2482164023.03,555580802.37,-688821755.31,2478482293.58,712195417.92,-1020093466.26,2488393693.39
A1,A2,A3,B1,B2,B3,C1,C2,C3
630696022.63,-738616484.38,2493975677.95,552436016.18,-692326163.05,2490157910.02,720337133.25,-1043567238.59,2500746422.03
A1,A2,A3,B1,B2,B3,C1,C2,C3
633328322.39,-723011645.01,2505745007.09,551129531.01,-697217134.13,2501952342.52,728146082.55,-1066156299.94,2513102660.39
A1,A2,A3,B1,B2,B3,C1,C2,C3
634166943.45,-707246483.92,2517461697.04,551937592.32,-703108601.61,2513873837.49,735654508.76,-1087931634.70,2525464475.47
A1,A2,A3,B1,B2,B3,C1,C2,C3
633006835.30,-691774558.44,2529121216.06,555041520.05,-709490295.33,2525925362.85,742886142.43,-1108949955.68,2537833431.09
A1,A2,A3,B1,B2,B3,C1,C2,C3
629817853.23,-677147169.39,2540727510.48,560453201.13,-715765309.07,2538101750.32,749859241.37,-1129256868.32,2550210749.20
A1,A2,A3,B1,B2,B3,C1,C2,C3
624788747.96,-663920678.81,2552294020.90,567969024.04,-721340375.77,2550388566.76,756588666.35,-1148889277.63,2562597422.35
A1,A2,A3,B1,B2,B3,C1,C2,C3
618303155.70,-652544692.47,2563841581.78,577192474.48,-725735719.55,2562764134.81,763087295.49,-1167877353.69,2574994293.41
A1,A2,A3,B1,B2,B3,C1,C2,C3
610852136.20,-643290371.26,2575393964.88,587620716.18,-728655089.36,2575203935.72,769366905.30,-1186246186.69,2587402109.39
A1,A2,A3,B1,B2,B3,C1,C2,C3
602934551.92,-636247901.43,2586973556.21,598743767.89,-729986931.37,2587684900.32,775438614.55,-1204017144.22,2599821553.47
A1,A2,A3,B1,B2,B3,C1,C2,C3
594991084.21,-631371303.53,2598598935.02,610110357.57,-729758539.79,2600187814.47,781313013.95,-1221208911.47,2612253260.52
A1,A2,A3,B1,B2,B3,C1,C2,C3
587380342.09,-628532982.98,2610284362.09,621351863.25,-728080773.92,2612697826.01,787000116.45,-1237838223.78,2624697821.90
A1,A2,A3,B1,B2,B3,C1,C2,C3
580382194.11,-627566206.75,2622040327.78,632179098.31,-725105108.96,2625203897.27,792509240.12,-1253920338.94,2637155784.95
A1,A2,A3,B1,B2,B3,C1,C2,C3
574212115.40,-628291307.34,2633874420.52,642368078.07,-720997153.48,2637697938.79,797848894.49,-1269469315.88,2649627650.68
A1,A2,A3,B1,B2,B3,C1,C2,C3
569037092.93,-630529216.63,2645792142.04,651744190.81,-715922966.60,2650173996.00,803026704.35,-1284498163.62,2662113871.96
A1,A2,A3,B1,B2,B3,C1,C2,C3
564989310.06,-634106966.16,2657797550.21,660168543.02,-710043487.18,2662627606.96,808049379.81,-1299018911.75,2674614852.83
A1,A2,A3,B1,B2,B3,C1,C2,C3
562176763.07,-638858560.99,2669893725.52,667527330.80,-703513632.30,2675055335.12,812922728.50,-1313042638.13,2687130949.36
A1,A2,A3,B1,B2,B3,C1,C2,C3
560691068.83,-644623259.58,2682083091.66,673723987.03,-696484009.67,2687454446.74,817651700.68,-1326579476.60,2699662471.60
A1,A2,A3,B1,B2,B3,C1,C2,C3
560612964.63,-651242308.00,2694367621.71,678673613.27,-689104182.40,2699822701.68,822240457.50,-1339638617.97,2712209686.62
A1,A2,A3,B1,B2,B3,C1,C2,C3
562015896.77,-658554560.88,2706748951.38,682299307.65,-681527046.88,2712158236.60,826692454.53,-1352228311.21,2724772822.02
A1,A2,A3,B1,B2,B3,C1,C2,C3
564967851.77,-666391049.26,2719228406.31,684530240.79,-673914260.08,2724459533.59,831010534.61,-1364355868.33,2737352070.10
A1,A2,A3,B1,B2,B3,C1,C2,C3
569531242.29,-674568336.56,2731806933.89,685301671.15,-666442873.19,2736725483.99,835197026.65,-1376027674.70,2749947592.12
A1,A2,A3,B1,B2,B3,C1,C2,C3
575760172.80,-682880424.62,2744484908.26,684557576.57,-659313408.56,2748955578.78,839253848.32,-1387249206.17,2762559522.95
A1,A2,A3,B1,B2,B3,C1,C2,C3
583693676.78,-691089133.44,2757261746.90,682257311.16,-652759454.02,2761150287.21,843182612.04,-1398025054.86,2775187975.89
A1,A2,A3,B1,B2,B3,C1,C2,C3
593342448.64,-698913618.51,2770135238.29,678388764.72,-647058107.75,2773311724.04,846984733.59,-1408358967.12,2787833047.68
A1,A2,A3,B1,B2,B3,C1,C2,C3
604665367.89,-706021770.71,2783100446.96,672991729.21,-642538523.29,2785444739.26,850661541.50,-1418253898.54,2800494823.78
A1,A2,A3,B1,B2,B3,C1,C2,C3
617531999.51,-712030930.15,2796148102.14,666195292.88,-639581116.68,2797558524.19,854214382.56,-1427712092.95,2813173383.67
A1,A2,A3,B1,B2,B3,C1,C2,C3
631672363.59,-716533066.92,2809262669.70,658267980.09,-638592276.36,2809668534.51,857644712.30,-1436735191.84,2825868805.79
A1,A2,A3,B1,B2,B3,C1,C2,C3
646632726.29,-719164128.30,2822421104.51,649661903.51,-639934874.61,2821797734.17,860954151.91,-1445324375.65,2838581171.32
A1,A2,A3,B1,B2,B3,C1,C2,C3
661783387.48,-719717942.67,2835594270.57,641004977.07,-643814203.65,2833975173.71,864144487.55,-1453480523.76,2851310565.72
A1,A2,A3,B1,B2,B3,C1,C2,C3
676421197.29,-718248731.77,2848752340.64,632998472.89,-650175318.22,2846230592.44,867217597.02,-1461204359.69,2864057076.91
A1,A2,A3,B1,B2,B3,C1,C2,C3
689931888.91,-715074383.55,2861871832.64,626254821.09,-658699676.51,2858587386.99,870175316.96,-1468496537.33,2876820790.37
A1,A2,A3,B1,B2,B3,C1,C2,C3
701904361.04,-710669070.74,2874939519.24,621183475.06,-668912519.63,2871058707.97,873019295.33,-1475357642.83,2889601782.79
A1,A2,A3,B1,B2,B3,C1,C2,C3
712139889.05,-705532207.50,2887951578.12,617981813.96,-680313984.73,2883648315.38,875750877.56,-1481788124.85,2902400116.50
A1,A2,A3,B1,B2,B3,C1,C2,C3
720595466.35,-700107848.06,2900910379.84,616691858.02,-692459811.33,2896353794.13,878371050.02,-1487788189.67,2915215836.03
A1,A2,A3,B1,B2,B3,C1,C2,C3
727319514.75,-694760099.54,2913821479.47,617264561.22,-704986034.67,2909169563.58,880880436.94,-1493357694.92,2928048966.96
A1,A2,A3,B1,B2,B3,C1,C2,C3
732405936.29,-689779128.01,2926691690.94,619605725.56,-717603068.75,2922088802.52,883279334.27,-1498496060.52,2940899516.54
A1,A2,A3,B1,B2,B3,C1,C2,C3
735967643.13,-685396977.88,2939528095.36,623602416.36,-730079953.19,2935104439.21,885567764.51,-1503202202.47,2953767475.44
A1,A2,A3,B1,B2,B3,C1,C2,C3
738123416.82,-681803519.06,2952337625.70,629136039.04,-742228450.65,2948209564.27,887745540.72,-1507474488.18,2966652820.03
A1,A2,A3,B1,B2,B3,C1,C2,C3
738992554.04,-679159541.36,2965126960.39,636087626.90,-753889978.78,2961397534.54,889812332.89,-1511310710.18,2979555515.07
A1,A2,A3,B1,B2,B3,C1,C2,C3
738693825.11,-677606741.09,2977902573.40,644338818.06,-764925634.86,2974661920.25,891767732.61,-1514708074.90,2992475516.35
A1,A2,A3,B1,B2,B3,C1,C2,C3
737346885.57,-677275127.07,2990670865.69,653770382.95,-775208788.33,2987996370.98,893611313.88,-1517663204.07,3005412773.33
A1,A2,A3,B1,B2,B3,C1,C2,C3
735075276.83,-678288419.29,3003438346.03,664259168.64,-784619669.58,3001394432.33,895342688.25,-1520172147.31,3018367231.64
A1,A2,A3,B1,B2,B3,C1,C2,C3
732010730.86,-680767817.58,3016211852.65,675673746.29,-793041578.53,3014849321.96,896961552.57,-1522230404.87,3031338835.39
A1,A2,A3,B1,B2,B3,C1,C2,C3
728298838.66,-684834230.99,3028998819.09,687868704.91,-800358622.64,3028353661.85,898467726.84,-1523832960.25,3044327529.06
A1,A2,A3,B1,B2,B3,C1,C2,C3
724106345.24,-690608681.46,3041807592.83,700677331.76,-806455271.78,3041899158.19,899861178.79,-1524974321.62,3057333258.98
A1,A2,A3,B1,B2,B3,C1,C2,C3
719630394.76,-698210056.56,3054647812.86,713902360.44,-811218556.98,3055476223.04,901142030.64,-1525648570.41,3070355974.09
A1,A2,A3,B1,B2,B3,C1,C2,C3
715109827.26,-707748584.04,3067530835.06,727304690.90,-814544543.81,3069073549.20,902310542.43,-1525849413.26,3083395625.73
A1,A2,A3,B1,B2,B3,C1,C2,C3
710837738.18,-719312292.82,3080470145.34,740590876.01,-816351823.17,3082677698.59,903367065.83,-1525570230.37,3096452166.06
A1,A2,A3,B1,B2,B3,C1,C2,C3
707172186.38,-732942643.72,3093481589.77,753402494.01,-816605847.15,3096272875.28,904311963.74,-1524804108.85,3109525544.95
A1,A2,A3,B1,B2,B3,C1,C2,C3
704537210.64,-748595987.42,3106583051.60,765315247.58,-815357469.80,3109841253.42,905145494.72,-1523543843.94,3122615704.98
A1,A2,A3,B1,B2,B3,C1,C2,C3
703399760.35,-766093385.94,3119792978.19,775862175.61,-812793177.54,3123364457.00,905867670.46,-1521781887.21,3135722574.81
A1,A2,A3,B1,B2,B3,C1,C2,C3
704206627.07,-785077132.75,3133127245.52,784596868.95,-809278694.36,3136826702.84,906478108.58,-1519510221.21,3148846061.63
A1,A2,A3,B1,B2,B3,C1,C2,C3
707284233.45,-805011657.09,3146594842.37,791193795.95,-805358283.35,3150219123.36,906975918.05,-1516720153.59,3161986044.27
A1,A2,A3,B1,B2,B3,C1,C2,C3
712745345.23,-825259050.38,3160194563.46,795541630.98,-801679488.25,3163543077.67,907359658.78,-1513402049.21,3175142368.87
A1,A2,A3,B1,B2,B3,C1,C2,C3
720465244.69,-845205020.03,3173915180.07,797767024.38,-798867464.75,3176809981.29,907627398.16,-1509545044.96,3188314848.64
A1,A2,A3,B1,B2,B3,C1,C2,C3
730141532.62,-864363788.12,3187739019.11,798174659.40,-797420334.59,3190037723.36,907776852.13,-1505136797.02,3201503267.53
A1,A2,A3,B1,B2,B3,C1,C2,C3
741388463.16,-882415400.14,3201646389.06,797152730.81,-797672070.39,3203246234.50,907805571.77,-1500163287.28,3214707386.44
A1,A2,A3,B1,B2,B3,C1,C2,C3
753812689.35,-899187112.78,3215618671.52,795097008.20,-799811245.17,3216454388.30,907711134.48,-1494608686.04,3227926950.17
A1,A2,A3,B1,B2,B3,C1,C2,C3
767053383.23,-914613648.38,3229639674.25,792370545.99,-803920879.78,3229678641.98,907491313.78,-1488455250.09,3241161693.77
A1,A2,A3,B1,B2,B3,C1,C2,C3
780795103.87,-928699855.21,3243695831.05,789290678.05,-810015873.29,3242932831.36,907144216.75,-1481683232.10,3254411347.59
A1,A2,A3,B1,B2,B3,C1,C2,C3
794766343.17,-941493515.51,3257775880.20,786130369.52,-818070295.26,3256228489.02,906668386.32,-1474270780.28,3267675640.78
A1,A2,A3,B1,B2,B3,C1,C2,C3
808732540.85,-953067896.60,3271870396.97,783125134.63,-828034963.00,3269575310.08,906062868.56,-1466193810.00,3280954302.95
A1,A2,A3,B1,B2,B3,C1,C2,C3
822487952.53,-963511438.91,3285971344.55,780481137.21,-839847928.43,3282981601.60,905327244.02,-1457425828.88,3294247063.84
A1,A2,A3,B1,B2,B3,C1,C2,C3
835848107.92,-972922175.89,3300071695.50,778382739.45,-853440301.42,3296454663.74,904461620.79,-1447937693.64,3307553650.76
A1,A2,A3,B1,B2,B3,C1,C2,C3
848643335.69,-981405224.98,3314165128.39,776999026.52,-868739099.24,3310001098.47,903466585.03,-1437697269.55,3320873783.14
A1,A2,A3,B1,B2,B3,C1,C2,C3
860713324.61,-989072362.73,3328245789.14,776489343.99,-885668149.82,3323627057.09,902343102.42,-1426668952.11,3334207163.77
A1,A2,A3,B1,B2,B3,C1,C2,C3
871902533.43,-996043198.82,3342308104.02,777008044.14,-904147592.71,3337338440.32,901092361.91,-1414812992.13,3347553465.66
A1,A2,A3,B1,B2,B3,C1,C2,C3
882056261.71,-1002447840.55,3356346635.53,778708640.54,-924092173.52,3351141061.36,899715550.37,-1402084536.68,3360912313.11
A1,A2,A3,B1,B2,B3,C1,C2,C3
891017281.34,-1008431264.76,3370355978.60,781747486.93,-945408249.76,3365040776.11,898213542.18,-1388432251.41,3374283255.28
A1,A2,A3,B1,B2,B3,C1,C2,C3
898623117.36,-1014159960.85,3384330706.51,786286913.50,-967989159.94,3379043574.50,896586482.11,-1373796308.41,3387665728.99
A1,A2,A3,B1,B2,B3,C1,C2,C3
904704453.90,-1019831840.24,3398265396.38,792497374.94,-991708323.43,3393155607.43,894833231.33,-1358105376.89,3401059006.18
A1,A2,A3,B1,B2,B3,C1,C2,C3
909085967.15,-1025690947.58,3412154805.18,800557346.63,-1016409180.41,3407383086.61,892950638.27,-1341271972.03,3414462118.21
A1,A2,A3,B1,B2,B3,C1,C2,C3
911592665.37,-1032048987.71,3425994348.17,810647923.25,-1041891184.16,3421731918.11,890932600.01,-1323184935.69,3427873743.73
A1,A2,A3,B1,B2,B3,C1,C2,C3
912068446.71,-1039315184.63,3439781183.94,822935370.69,-1067892863.75,3436206788.20,888768952.48,-1303696514.82,3441292037.86
A1,A2,A3,B1,B2,B3,C1,C2,C3
910419709.79,-1048031294.58,3453516429.61,837528366.50,-1094080967.78,3450809214.85,886444619.54,-1282598204.56,3454714365.53
A1,A2,A3,B1,B2,B3,C1,C2,C3
906700911.41,-1058891980.51,3467209046.86,854390563.89,-1120081092.61,3465534066.03,883941491.16,-1259569745.61,3468136897.11
A1,A2,A3,B1,B2,B3,C1,C2,C3
901235512.78,-1072698716.51,3480880622.41,873199195.27,-1145654181.83,3480365137.86,881258873.73,-1234048720.32,3481554249.73
A1,A2,A3,B1,B2,B3,C1,C2,C3
894669329.83,-1090206814.85,3494566214.31,893074815.79,-1171310202.16,3495269332.89,878630396.16,-1204769849.64,3494964462.80
A1,A2,A3,B1,B2,B3,C1,C2,C3
887750000.56,-1112076721.84,3508304371.65,909950791.21,-1198069858.24,3510080876.43,879375054.70,-1170051982.68,3508494761.92
A1,A2,A3,B1,B2,B3,C1,C2,C3
881598104.27,-1140976623.35,3522168848.59,922140002.61,-1220777484.67,3524677893.72,884059388.96,-1132382598.91,3522193267.69
A1,A2,A3,B1,B2,B3,C1,C2,C3
882975121.74,-1170960945.43,3536394849.15,932309645.31,-1239408873.18,3539175253.33,883254722.84,-1097731480.60,3535709907.52
A1,A2,A3,B1,B2,B3,C1,C2,C3
885879452.92,-1199589645.16,3550700144.51,940597059.00,-1254759691.72,3553586455.29,882825316.72,-1067743002.70,3549313410.20
A1,A2,A3,B1,B2,B3,C1,C2,C3
890637974.53,-1228524707.81,3565114658.64,946699689.69,-1267233431.51,3567902284.32,882746847.86,-1040351688.71,3562983067.04
A1,A2,A3,B1,B2,B3,C1,C2,C3
897882838.48,-1258101567.34,3579668862.85,950049613.54,-1277171112.07,3582101479.29,882955088.17,-1014881085.18,3576709667.86
A1,A2,A3,B1,B2,B3,C1,C2,C3
908631786.05,-1288074109.86,3594404332.06,949671925.59,-1285180976.52,3596147760.55,883407201.35,-990969062.86,3590487917.39
A1,A2,A3,B1,B2,B3,C1,C2,C3
924234641.15,-1316773617.28,3609363430.32,944248628.90,-1293159714.49,3610002307.36,884071360.42,-968387650.19,3604314272.32
A1,A2,A3,B1,B2,B3,C1,C2,C3
943589292.80,-1340271998.31,3624461209.88,934909234.29,-1305193123.26,3623752750.89,884920165.56,-946979141.22,3618186049.23
A1,A2,A3,B1,B2,B3,C1,C2,C3
962013554.99,-1357878876.82,3639489053.44,926361039.03,-1322090497.24,3637609923.94,885928505.49,-926624617.64,3632101032.61
A1,A2,A3,B1,B2,B3,C1,C2,C3
977588246.70,-1371978993.28,3654386843.42,920543678.70,-1341562800.53,3651635737.71,887075925.65,-907228374.91,3646057428.88
A1,A2,A3,B1,B2,B3,C1,C2,C3
990258516.61,-1384082286.81,3669166585.13,917526881.86,-1362178442.15,3665819574.57,888347548.81,-888712064.85,3660053850.30
A1,A2,A3,B1,B2,B3,C1,C2,C3
1000219785.24,-1394976721.44,3683844211.58,917125852.63,-1383213827.77,3680146572.71,889732750.33,-871011317.79,3674089225.72
A1,A2,A3,B1,B2,B3,C1,C2,C3
1007633894.80,-1405142445.25,3698431276.85,919186581.25,-1404242066.17,3694606022.92,891223697.76,-854072876.87,3688162710.24
A1,A2,A3,B1,B2,B3,C1,C2,C3
1012599937.67,-1414930200.10,3712935395.50,923616052.30,-1424956906.24,3709190996.36,892814314.12,-837852251.32,3702273618.15
A1,A2,A3,B1,B2,B3,C1,C2,C3
1015158008.99,-1424647106.04,3727361221.02,930379165.40,-1445088793.79,3723897412.63,894499604.67,-822311875.29,3716421376.36
A1,A2,A3,B1,B2,B3,C1,C2,C3
1015294307.97,-1434614910.24,3741711220.42,939494065.49,-1464348050.73,3738723297.42,896275225.26,-807419679.71,3730605492.16
A1,A2,A3,B1,B2,B3,C1,C2,C3
1012946206.01,-1445234266.51,3755986504.74,951027352.75,-1482361712.34,3753667974.63,898137204.30,-793147975.47,3744825530.63
A1,A2,A3,B1,B2,B3,C1,C2,C3
1008022250.51,-1457093505.38,3770188727.61,965074255.15,-1498565650.09,3768730183.90,900081766.44,-779472560.60,3759081098.48
A1,A2,A3,B1,B2,B3,C1,C2,C3
1000519689.55,-1471201233.54,3784327370.66,981641200.74,-1511972712.72,3783900806.46,902105235.52,-766371979.63,3773371832.88
A1,A2,A3,B1,B2,B3,C1,C2,C3
991208990.34,-1489382777.47,3798453055.42,999961302.42,-1520776928.07,3799129559.48,904204031.45,-753826878.28,3787697395.09
A1,A2,A3,B1,B2,B3,C1,C2,C3
983691022.89,-1512949818.64,3812733652.02,1016436999.00,-1523684415.15,3814248885.05,906374845.42,-741819456.04,3802057472.93
A1,A2,A3,B1,B2,B3,C1,C2,C3
981449432.92,-1538484602.54,3827286955.19,1027587308.13,-1524129377.79,3829141259.93,908615014.02,-730333263.61,3816451794.88
A1,A2,A3,B1,B2,B3,C1,C2,C3
983471908.25,-1562706432.24,3842038054.43,1034426487.61,-1525407371.81,3843881820.01,910922591.68,-719353442.08,3830880135.56
A1,A2,A3,B1,B2,B3,C1,C2,C3
988282415.34,-1584757779.98,3856915093.49,1038432146.95,-1528389140.39,3858542615.33,913296002.39,-708866776.05,3845342301.18
A1,A2,A3,B1,B2,B3,C1,C2,C3
995007900.12,-1604484142.62,3871878927.68,1040478817.96,-1533240986.82,3873162966.68,915733768.42,-698861465.36,3859838115.64
A1,A2,A3,B1,B2,B3,C1,C2,C3
1003113553.20,-1621861013.28,3886906245.58,1041102799.46,-1539998062.04,3887766351.04,918234400.36,-689326865.95,3874367413.37
A1,A2,A3,B1,B2,B3,C1,C2,C3
1012229145.58,-1636867609.60,3901980873.26,1040675847.20,-1548690850.74,3902369100.60,920796371.44,-680253275.49,3888930036.14
A1,A2,A3,B1,B2,B3,C1,C2,C3
1022061066.76,-1649452575.71,3917089651.97,1039493122.12,-1559379635.91,3916984525.97,923418131.23,-671631766.87,3903525832.06
A1,A2,A3,B1,B2,B3,C1,C2,C3
1032338055.28,-1659518447.12,3932219948.51,1037827427.32,-1572170160.43,3931625405.66,926098138.09,-663454061.69,3918154655.82
A1,A2,A3,B1,B2,B3,C1,C2,C3
1042761922.51,-1666907228.13,3947357391.56,1035978442.18,-1587228142.91,3946306248.85,928834901.26,-655712437.03,3932816369.59
A1,A2,A3,B1,B2,B3,C1,C2,C3
1052936329.45,-1671382834.57,3962482631.13,1034343898.47,-1604796899.29,3961046534.46,931627027.97,-648399661.14,3947510844.41
A1,A2,A3,B1,B2,B3,C1,C2,C3
1062219932.69,-1672623326.44,3977564927.54,1033566384.53,-1625205145.78,3975877120.37,934473273.30,-641508957.80,3962237962.09
A1,A2,A3,B1,B2,B3,C1,C2,C3
1069364778.91,-1670346721.70,3992547745.03,1034894901.72,-1648741186.50,3990854647.76,937372589.20,-635034004.92,3976997617.20
A1,A2,A3,B1,B2,B3,C1,C2,C3
1071956649.41,-1665372491.18,4007334705.19,1040744487.60,-1674591370.24,4006075585.77,940324156.83,-628968982.91,3991789719.04
A1,A2,A3,B1,B2,B3,C1,C2,C3
1068751172.41,-1661854679.83,4021911650.90,1052360153.16,-1698606869.89,4021554168.75,943327336.96,-623308673.90,4006614190.35
A1,A2,A3,B1,B2,B3,C1,C2,C3
1063025285.50,-1662761712.27,4036448243.57,1066465607.76,-1717823866.63,4037120807.06,946381482.64,-618048472.11,4021470959.37
A1,A2,A3,B1,B2,B3,C1,C2,C3
1057368015.67,-1667465163.95,4051050223.39,1080472594.29,-1732874961.47,4052669833.48,949485824.00,-613184201.07,4036359953.13
A1,A2,A3,B1,B2,B3,C1,C2,C3
1052693398.29,-1674999158.29,4065747839.22,1093467912.12,-1744729934.82,4068171072.33,952639526.29,-608711956.95,4051281098.46
A1,A2,A3,B1,B2,B3,C1,C2,C3
1049354918.62,-1684719452.31,4080550212.47,1105098890.85,-1754036713.64,4083615472.42,955841774.66,-604628055.76,4066234325.11
A1,A2,A3,B1,B2,B3,C1,C2,C3
1047543663.06,-1696200948.09,4095461542.64,1115175183.20,-1761223865.30,4098998899.17,959091830.00,-600929028.08,4081219568.18
A1,A2,A3,B1,B2,B3,C1,C2,C3
1047410899.76,-1709142941.34,4110485495.03,1123546154.60,-1766595338.11,4114317745.52,962389058.69,-597611629.85,4096236769.45
A1,A2,A3,B1,B2,B3,C1,C2,C3
1049117134.42,-1723312051.33,4125626774.36,1130051816.15,-1770387515.80,4129567357.61,965732943.96,-594672858.12,4111285878.03
A1,A2,A3,B1,B2,B3,C1,C2,C3
1052862701.88,-1738502343.95,4140892065.31,1134492235.24,-1772809078.28,4144741094.26,969123083.59,-592109967.03,4126366850.44
A1,A2,A3,B1,B2,B3,C1,C2,C3
1058919562.93,-1754494743.53,4156291018.28,1136595751.97,-1774081575.23,4159829341.59,972559176.67,-589920482.62,4141479650.13
A1,A2,A3,B1,B2,B3,C1,C2,C3
1067676419.69,-1770990452.61,4171837562.48,1135973887.34,-1774505994.51,4174818200.88,976041000.08,-588102214.47,4156624246.63
A1,A2,A3,B1,B2,B3,C1,C2,C3
1079701353.38,-1787452381.86,4187551099.53,1132058740.46,-1774621326.05,4189688296.39,979568373.50,-586653261.98,4171800614.08
A1,A2,A3,B1,B2,B3,C1,C2,C3
1095715605.19,-1802641836.84,4203450961.99,1124129257.30,-1775667881.21,4204420319.01,983141109.77,-585572008.23,4187008728.99
A1,A2,A3,B1,B2,B3,C1,C2,C3
1115449598.29,-1813700367.64,4219498309.05,1112455271.91,-1780505481.76,4219053133.72,986758951.65,-584857081.37,4202248567.23
A1,A2,A3,B1,B2,B3,C1,C2,C3
1134828984.89,-1818565089.07,4235497688.77,1101111493.98,-1791198243.23,4233782219.78,990421537.28,-584507251.03,4217520101.45
A1,A2,A3,B1,B2,B3,C1,C2,C3
1150519885.50,-1819806705.92,4251329706.54,1093432183.56,-1805176650.43,4248726999.54,994128486.06,-584521327.65,4232823303.92
A1,A2,A3,B1,B2,B3,C1,C2,C3
1162527549.54,-1819799394.65,4267017187.36,1089412376.38,-1820067638.01,4263864670.89,997879512.86,-584898200.10,4248158151.75
A1,A2,A3,B1,B2,B3,C1,C2,C3
1171431419.61,-1819578825.14,4282594993.37,1088472803.89,-1834836484.44,4279160388.22,1001674443.63,-585636920.03,4263524628.41
A1,A2,A3,B1,B2,B3,C1,C2,C3
1177679269.17,-1819644207.83,4298087198.61,1090165787.50,-1848984719.00,4294590088.64,1005513183.49,-586736747.72,4278922722.76
A1,A2,A3,B1,B2,B3,C1,C2,C3
1181579820.42,-1820300702.72,4313510029.73,1094182656.98,-1862207697.50,4310137552.63,1009395680.47,-588197167.36,4294352427.65
A1,A2,A3,B1,B2,B3,C1,C2,C3
1183347425.21,-1821785559.08,4328874994.69,1100309100.70,-1874268463.81,4325791276.76,1013321894.36,-590017885.81,4309813738.55
A1,A2,A3,B1,B2,B3,C1,C2,C3
1183135407.50,-1824326692.28,4344190879.16,1108391847.88,-1884939183.97,4341542478.44,1017291771.98,-592198821.67,4325306652.40
A1,A2,A3,B1,B2,B3,C1,C2,C3
1181060784.76,-1828182412.93,4359465191.38,1118313965.59,-1893961434.53,4357383652.01,1021305228.79,-594740087.76,4340831166.61
A1,A2,A3,B1,B2,B3,C1,C2,C3
1177229965.40,-1833683860.93,4374705675.04,1129969173.02,-1901003791.09,4373307056.56,1025362137.17,-597641968.60,4356387278.40
A1,A2,A3,B1,B2,B3,C1,C2,C3
1171784180.38,-1841298755.58,4389922876.51,1143216413.53,-1905598105.45,4389302149.16,1029462322.83,-600904893.08,4371974984.33
A1,A2,A3,B1,B2,B3,C1,C2,C3
1165022413.31,-1851741257.59,4405136495.25,1157756916.80,-1907029674.84,4405349234.42,1033605572.46,-604529403.25,4387594280.33
A1,A2,A3,B1,B2,B3,C1,C2,C3
1157822014.26,-1866102119.85,4420394773.00,1172713559.28,-1904207123.81,4421400074.42,1037791659.54,-608516121.69,4403245162.58
A1,A2,A3,B1,B2,B3,C1,C2,C3
1152823417.67,-1885175687.39,4435819210.85,1185446090.10,-1896335424.85,4437333169.51,1042020400.52,-612865730.88,4418927629.64
A1,A2,A3,B1,B2,B3,C1,C2,C3
1153432445.91,-1906166159.80,4451530165.32,1192548747.21,-1886209598.21,4453028158.33,1046291735.05,-617579010.96,4434641686.34
A1,A2,A3,B1,B2,B3,C1,C2,C3
1158724708.75,-1925004433.31,4467449015.51,1194945849.85,-1877897756.74,4468563649.31,1050605734.14,-622656952.86,4450387345.17
A1,A2,A3,B1,B2,B3,C1,C2,C3
1166491134.19,-1940684425.50,4483470859.08,1194846365.65,-1872404729.44,4484044528.35,1054962502.17,-628100810.00,4466164622.57
A1,A2,A3,B1,B2,B3,C1,C2,C3
1175506386.70,-1953329312.09,4499543992.73,1193475564.11,-1869605866.02,4499522481.85,1059362105.15,-633912056.97,4481973535.42
A1,A2,A3,B1,B2,B3,C1,C2,C3
1185112539.62,-1963170708.62,4515642230.20,1191491361.10,-1869267906.37,4515023679.97,1063804553.86,-640092338.31,4497814099.83
A1,A2,A3,B1,B2,B3,C1,C2,C3
1194897635.15,-1970390053.04,4531749521.67,1189305751.39,-1871207633.96,4530564157.18,1068289811.36,-646643432.61,4513686331.15
A1,A2,A3,B1,B2,B3,C1,C2,C3
1204556777.72,-1975108058.47,4547853859.27,1187223698.13,-1875302445.22,4546155906.27,1072817810.05,-653567230.33,4529590244.45
A1,A2,A3,B1,B2,B3,C1,C2,C3
1213824047.12,-1977393079.21,4563944418.64,1185511198.55,-1881481994.56,4561809736.00,1077388472.92,-660865722.74,4545525855.37
A1,A2,A3,B1,B2,B3,C1,C2,C3
1222428211.21,-1977269363.76,4580009726.35,1184439548.20,-1889719943.05,4577537102.60,1082001736.56,-668541000.29,4561493181.05
A1,A2,A3,B1,B2,B3,C1,C2,C3
1230049763.15,-1974724592.76,4596035877.77,1184328280.12,-1900026412.74,4593351890.94,1086657574.74,-676595260.27,4577492241.29
A1,A2,A3,B1,B2,B3,C1,C2,C3
1236259535.06,-1969723578.74,4612004018.49,1185606528.78,-1912434269.32,4609272931.88,1091356020.92,-685030824.48,4593523059.63
A1,A2,A3,B1,B2,B3,C1,C2,C3
1240405884.88,-1962255398.96,4627885924.87,1188925824.06,-1926951959.36,4625328420.65,1096097187.25,-693850169.08,4609585664.48
A1,A2,A3,B1,B2,B3,C1,C2,C3
1241392714.88,-1952537056.86,4643636363.58,1195382063.14,-1943359803.61,4641563556.47,1100881274.29,-703055969.87,4625680089.96
A1,A2,A3,B1,B2,B3,C1,C2,C3
1237519235.09,-1941900455.34,4659194619.70,1206675761.83,-1960322960.55,4658039014.44,1105708556.19,-712651165.50,4641806375.87
A1,A2,A3,B1,B2,B3,C1,C2,C3
1228585041.02,-1934215474.26,4674588880.64,1223007048.74,-1973968289.22,4674726564.20,1110579308.84,-722639017.05,4657964565.15
A1,A2,A3,B1,B2,B3,C1,C2,C3
1218468687.95,-1931767693.38,4690008269.20,1240497206.70,-1982006658.57,4691437042.19,1115493694.13,-733023075.80,4674154698.61
A1,A2,A3,B1,B2,B3,C1,C2,C3
1209873213.57,-1933136771.58,4705555907.54,1256443161.25,-1985854691.17,4708067289.25,1120451748.81,-743807060.32,4690376813.21
A1,A2,A3,B1,B2,B3,C1,C2,C3
1203437142.00,-1936889258.70,4721245705.05,1270206383.87,-1986942000.31,4724603359.29,1125453477.31,-754994807.46,4706630945.66
A1,A2,A3,B1,B2,B3,C1,C2,C3
1199240512.64,-1942180581.97,4737073076.57,1281706788.73,-1986109173.47,4741049797.52,1130498926.04,-766590302.52,4722917135.91
A1,A2,A3,B1,B2,B3,C1,C2,C3
1197264478.54,-1948488419.51,4753032237.11,1290963096.57,-1983874348.26,4757412343.67,1135588221.21,-778597729.79,4739235429.23
A1,A2,A3,B1,B2,B3,C1,C2,C3
1197493650.92,-1955450387.36,4769119073.28,1297990474.69,-1980595473.47,4773695059.34,1140721584.32,-791021524.42,4755585877.38
A1,A2,A3,B1,B2,B3,C1,C2,C3
1199941958.61,-1962781648.65,4785331474.94,1302774675.91,-1976552650.35,4789899995.87,1145899333.70,-803866422.02,4771968539.19
A1,A2,A3,B1,B2,B3,C1,C2,C3
1204662226.10,-1970225893.17,4801669281.89,1305262469.15,-1971997106.17,4806027247.54,1151121875.94,-817137505.54,4788383480.57
A1,A2,A3,B1,B2,B3,C1,C2,C3
1211753878.05,-1977515593.86,4818134238.07,1305353952.64,-1967190894.23,4822074997.71,1156389688.16,-830840248.75,4804830774.23
A1,A2,A3,B1,B2,B3,C1,C2,C3
1221372350.03,-1984323646.55,4834729937.30,1302893170.08,-1962455215.40,4838039573.89,1161703291.08,-844980554.94,4821310498.80
A1,A2,A3,B1,B2,B3,C1,C2,C3
1233736300.61,-1990179492.25,4851461336.17,1297660935.66,-1958254265.71,4853915936.20,1167063211.95,-859564787.07,4837822737.63
A1,A2,A3,B1,B2,B3,C1,C2,C3
1249097111.07,-1994286773.45,4868331702.20,1289405381.70,-1955377566.02,4869700731.05,1172469937.16,-874599781.79,4854367576.76
A1,A2,A3,B1,B2,B3,C1,C2,C3
1267439165.49,-1995116156.65,4885325804.63,1278141731.06,-1955347157.75,4885409102.81,1177923859.79,-890092831.18,4870945102.56
A1,A2,A3,B1,B2,B3,C1,C2,C3
1286941138.54,-1990318906.03,4902342693.21,1265691035.28,-1960504104.82,4901141916.91,1183425253.61,-906051607.14,4887555399.88
A1,A2,A3,B1,B2,B3,C1,C2,C3
1303155488.16,-1980302768.59,4919194328.52,1256500586.14,-1970432714.72,4917087126.34,1188974368.90,-922484055.20,4904198555.14
A1,A2,A3,B1,B2,B3,C1,C2,C3
1314582201.50,-1968715803.18,4935850705.83,1252069954.55,-1981476650.81,4933274637.97,1194571647.61,-939398453.12,4920874666.20
A1,A2,A3,B1,B2,B3,C1,C2,C3
1322245601.43,-1957529388.76,4952374791.24,1251374111.60,-1991655688.47,4949641371.04,1200217795.78,-956803646.55,4937583847.72
A1,A2,A3,B1,B2,B3,C1,C2,C3
1327082895.09,-1947391016.97,4968813190.28,1253474961.02,-2000312745.12,4966140590.35,1205913702.52,-974709226.47,4954326229.37
A1,A2,A3,B1,B2,B3,C1,C2,C3
1329703381.13,-1938543263.41,4985194504.38,1257762226.59,-2007194813.16,4982743553.00,1211660345.43,-993125624.86,4971101952.62
A1,A2,A3,B1,B2,B3,C1,C2,C3
1330515544.83,-1931112885.64,5001537567.06,1263826431.89,-2012163797.15,4999431274.78,1217458715.63,-1012064179.61,4987911168.16
A1,A2,A3,B1,B2,B3,C1,C2,C3
1329815229.41,-1925201063.61,5017856107.64,1271370787.84,-2015106217.35,5016189868.49,1223309759.00,-1031537190.50,5004754033.87
A1,A2,A3,B1,B2,B3,C1,C2,C3
1327837482.94,-1920919343.42,5034161330.66,1280159391.72,-2015897211.17,5033007965.94,1229214330.15,-1051557974.01,5021630713.40
A1,A2,A3,B1,B2,B3,C1,C2,C3
1324791847.45,-1918410870.16,5050463640.82,1289981971.43,-2014379243.90,5049874993.99,1235173159.20,-1072140919.78,5038541375.20
A1,A2,A3,B1,B2,B3,C1,C2,C3
1320895064.35,-1917870473.32,5066774245.43,1300621196.55,-2010341962.94,5066779572.13,1241186835.12,-1093301550.90,5055486192.44
A1,A2,A3,B1,B2,B3,C1,C2,C3
1316416293.54,-1919570471.13,5083107351.33,1311807450.25,-2003496325.44,5083707314.63,1247255814.87,-1115056592.01,5072465344.04
A1,A2,A3,B1,B2,B3,C1,C2,C3
1311764914.95,-1923894775.20,5099484278.36,1323130977.01,-1993440408.38,5100636714.00,1253380474.00,-1137424054.52,5089479017.64
A1,A2,A3,B1,B2,B3,C1,C2,C3
1307702729.54,-1931355183.98,5115942771.31,1333829563.65,-1979642988.06,5117529822.76,1259561224.77,-1160423363.66,5106527415.92
A1,A2,A3,B1,B2,B3,C1,C2,C3
1305870394.28,-1942336023.60,5132557286.08,1342261887.18,-1961698665.58,5134311955.72,1265798733.20,-1184075592.21,5123610768.21
A1,A2,A3,B1,B2,B3,C1,C2,C3
1309069704.25,-1955423528.29,5149435268.97,1345624938.99,-1940997987.34,5150875393.16,1272094212.79,-1208403959.55,5140729347.87
A1,A2,A3,B1,B2,B3,C1,C2,C3
1317740410.97,-1966313498.29,5166554726.84,1343477146.74,-1921818876.31,5167241799.57,1278449484.37,-1233434742.46,5157883483.59
A1,A2,A3,B1,B2,B3,C1,C2,C3
1329007007.37,-1972900352.06,5183771533.81,1338692121.36,-1906236721.40,5183554931.62,1284866444.10,-1259198133.56,5175073544.57
A1,A2,A3,B1,B2,B3,C1,C2,C3
1340898051.94,-1975504727.96,5201003670.14,1333239891.88,-1893896421.94,5199896420.07,1291346504.45,-1285728595.18,5192299919.79
A1,A2,A3,B1,B2,B3,C1,C2,C3
1352536918.27,-1974719323.65,5218218949.16,1327996330.08,-1884166211.13,5216298047.15,1297890420.03,-1313065196.46,5209563013.69
A1,A2,A3,B1,B2,B3,C1,C2,C3
1363485858.17,-1970986835.96,5235402694.95,1323399081.71,-1876559075.21,5232774062.56,1304498293.30,-1341252254.31,5226863252.50
A1,A2,A3,B1,B2,B3,C1,C2,C3
1373474047.98,-1964612576.17,5252546127.00,1319719460.90,-1870719140.54,5249332786.68,1311169633.79,-1370340331.10,5244201096.33
A1,A2,A3,B1,B2,B3,C1,C2,C3
1382292677.05,-1955806762.00,5269642235.65,1317167265.70,-1866377941.89,5265980717.36,1317903454.09,-1400387674.35,5261577056.99
A1,A2,A3,B1,B2,B3,C1,C2,C3
1389746097.50,-1944714717.79,5286683961.58,1315939477.72,-1863322158.94,5282724324.29,1324698420.47,-1431462280.02,5278991724.13
A1,A2,A3,B1,B2,B3,C1,C2,C3
1395620921.97,-1931437291.70,5303663056.60,1316250918.87,-1861370182.26,5299571148.84,1331553098.40,-1463644909.40,5296445804.56
A1,A2,A3,B1,B2,B3,C1,C2,C3
1399656874.04,-1916047483.11,5320568984.11,1318362990.75,-1860350916.53,5316530842.45,1338466362.69,-1497033658.42,5313940183.43
A1,A2,A3,B1,B2,B3,C1,C2,C3
1401507564.55,-1898611586.14,5337387427.74,1322622205.38,-1860075370.47,5333616558.93,1345438090.47,-1531751224.24,5331476023.32
A1,A2,A3,B1,B2,B3,C1,C2,C3
1400675068.54,-1879234688.37,5354097901.30,1329524452.84,-1860278827.67,5350847177.26,1352470316.62,-1567957235.69,5349054931.43
A1,A2,A3,B1,B2,B3,C1,C2,C3
1396394542.30,-1858200534.12,5370670101.07,1339828646.23,-1860458161.95,5368250657.09,1359568971.75,-1605871074.64,5366679251.84
A1,A2,A3,B1,B2,B3,C1,C2,C3
1387539907.52,-1836494825.28,5387064816.87,1354649917.32,-1859301102.97,5385862627.84,1366745002.42,-1645819309.52,5384352565.29
A1,A2,A3,B1,B2,B3,C1,C2,C3
1373924236.86,-1817096597.00,5403302338.31,1374171127.89,-1853281774.48,5403657419.44,1374002474.16,-1688348781.45,5402080252.25
A1,A2,A3,B1,B2,B3,C1,C2,C3
1360038951.91,-1801926282.53,5419594759.00,1394014215.48,-1839410520.07,5421417652.72,1381228027.87,-1734528713.58,5419867598.28
A1,A2,A3,B1,B2,B3,C1,C2,C3
1350809671.25,-1787350675.80,5436120046.93,1410370040.22,-1819090230.18,5438992308.95,1387305184.81,-1786589421.54,5437687654.12
A1,A2,A3,B1,B2,B3,C1,C2,C3
1349876101.52,-1774198501.86,5453043150.34,1419222601.36,-1794089639.94,5456224924.36,1392610239.12,-1841933445.16,5455531935.30
A1,A2,A3,B1,B2,B3,C1,C2,C3
1354472720.64,-1764611463.37,5470265116.78,1421261291.00,-1771071230.82,5473208663.78,1399219320.77,-1891756600.28,5473406229.44
A1,A2,A3,B1,B2,B3,C1,C2,C3
1363552916.94,-1757178713.24,5487727353.88,1419038519.27,-1749827084.93,5490051690.67,1405626631.28,-1937677651.91,5491260965.45
A1,A2,A3,B1,B2,B3,C1,C2,C3
1377506202.43,-1750390613.06,5505432300.36,1412168882.94,-1730634635.43,5506740015.14,1411828061.90,-1980928805.30,5509107694.49
A1,A2,A3,B1,B2,B3,C1,C2,C3
1396893942.63,-1741111783.13,5523374336.02,1400037056.94,-1716018785.65,5523271118.26,1417877572.15,-2022120536.81,5526954555.72
A1,A2,A3,B1,B2,B3,C1,C2,C3
1416939854.59,-1724417417.85,5541300477.73,1387376156.63,-1710531113.55,5539892567.88,1423818329.65,-2061626074.08,5544806964.39
A1,A2,A3,B1,B2,B3,C1,C2,C3
1430829397.01,-1704437724.09,5558955978.23,1380974661.56,-1709783824.43,5556855534.84,1429676396.13,-2099703004.94,5562668496.93
A1,A2,A3,B1,B2,B3,C1,C2,C3
1439564258.93,-1685391917.83,5576424223.29,1379818662.78,-1709373101.70,5574074348.97,1435463991.51,-2136535930.00,5580541437.74
A1,A2,A3,B1,B2,B3,C1,C2,C3
1444548607.25,-1668327163.30,5593775773.04,1382496686.27,-1708116050.83,5591476842.91,1441188422.90,-2172260579.56,5598427394.05
A1,A2,A3,B1,B2,B3,C1,C2,C3
1446572220.94,-1653620802.27,5611048299.75,1388212738.19,-1705531396.30,5609024086.90,1446855905.17,-2206980887.38,5616327623.34
A1,A2,A3,B1,B2,B3,C1,C2,C3
1446120934.30,-1641551261.83,5628265418.39,1396475022.85,-1701258093.29,5626691422.37,1452472399.73,-2240779471.17,5634243169.23
A1,A2,A3,B1,B2,B3,C1,C2,C3
1443544306.13,-1632458013.13,5645445444.39,1406928244.11,-1694888959.35,5644459641.81,1458043643.90,-2273724042.25,5652174923.80
A1,A2,A3,B1,B2,B3,C1,C2,C3
1439174639.98,-1626854227.44,5662607601.97,1419234746.60,-1685853939.91,5662308748.61,1463574989.51,-2305871483.90,5670123659.42
A1,A2,A3,B1,B2,B3,C1,C2,C3
1433531145.42,-1625602566.78,5679782507.35,1432870558.88,-1673241625.91,5680207457.08,1469071198.42,-2337270543.18,5688090045.57
A1,A2,A3,B1,B2,B3,C1,C2,C3
1428075696.91,-1630168198.63,5697047189.59,1446369867.94,-1655544438.48,5698078164.52,1474536209.19,-2367963631.47,5706074655.89
A1,A2,A3,B1,B2,B3,C1,C2,C3
1427640029.60,-1640721009.80,5714611764.69,1454898091.09,-1632555321.72,5715710278.27,1479972869.35,-2397987917.87,5724077967.04
A1,A2,A3,B1,B2,B3,C1,C2,C3
1435004210.85,-1650133678.51,5732528356.19,1455673389.99,-1611369306.76,5733051291.00,1485382949.89,-2427375693.02,5742100362.81
A1,A2,A3,B1,B2,B3,C1,C2,C3
1445581498.24,-1654869161.86,5750565369.53,1453281020.89,-1595495580.27,5750332468.01,1490767936.97,-2456154813.13,5760142172.46
A1,A2,A3,B1,B2,B3,C1,C2,C3
1456869238.95,-1655583141.77,5768621051.45,1450221948.59,-1584253895.93,5767655255.90,1496129518.62,-2484349842.65,5778203702.65
A1,A2,A3,B1,B2,B3,C1,C2,C3
1467886734.41,-1652955111.28,5786659550.68,1447475122.87,-1576942629.68,5785055219.83,1501469443.62,-2511982912.55,5796285239.49
A1,A2,A3,B1,B2,B3,C1,C2,C3
1478082996.43,-1647401368.31,5804661053.53,1445589912.40,-1573125340.70,5802551911.86,1506789331.49,-2539074165.76,5814387044.61
A1,A2,A3,B1,B2,B3,C1,C2,C3
1487010477.55,-1639163689.83,5822608548.84,1445012482.67,-1572541843.39,5820162108.32,1512090564.23,-2565642010.90,5832509352.84
A1,A2,A3,B1,B2,B3,C1,C2,C3
1494174598.06,-1628375957.19,5840481968.86,1446236310.06,-1575041418.31,5837905669.06,1517374245.13,-2591703286.07,5850652372.08
A1,A2,A3,B1,B2,B3,C1,C2,C3
1498881960.53,-1615128613.75,5858252253.03,1449953961.04,-1580518240.12,5855811472.38,1522641205.17,-2617273373.24,5868816284.59
A1,A2,A3,B1,B2,B3,C1,C2,C3
1499952099.56,-1599647487.67,5875870611.50,1457345297.21,-1588732471.83,5873928148.73,1527892048.15,-2642366281.23,5887001249.77
A1,A2,A3,B1,B2,B3,C1,C2,C3
1495184797.95,-1583288734.61,5893255009.22,1470610066.08,-1598315257.91,5892337592.02,1533127243.75,-2666994709.92,5905207408.76
A1,A2,A3,B1,B2,B3,C1,C2,C3
1483998220.93,-1571759167.02,5910434659.53,1490329592.79,-1603548297.69,5911010457.56,1538347301.59,-2691170147.55,5923434892.92
A1,A2,A3,B1,B2,B3,C1,C2,C3
1473374276.51,-1567915161.16,5927738034.12,1509521256.50,-1601564651.29,5929618142.35,1543552934.53,-2714903157.70,5941683833.54
A1,A2,A3,B1,B2,B3,C1,C2,C3
1466498542.57,-1568193324.63,5945268678.58,1524998711.82,-1595917765.11,5948056973.01,1548744910.07,-2738203686.40,5959954358.41
A1,A2,A3,B1,B2,B3,C1,C2,C3
1463323985.64,-1570538523.32,5963005001.39,1536808364.15,-1588653440.12,5966348425.12,1553923856.28,-2761081066.78,5978246583.48
A1,A2,A3,B1,B2,B3,C1,C2,C3
1463573732.61,-1573981326.57,5980925827.36,1545226617.27,-1580732444.16,5984513571.18,1559090242.47,-2783543961.67,5996560611.45
A1,A2,A3,B1,B2,B3,C1,C2,C3
1467079951.97,-1577928297.10,5999018265.56,1550420947.75,-1572740226.35,6002565210.77,1564244423.61,-2805600359.22,6014896533.68
A1,A2,A3,B1,B2,B3,C1,C2,C3
1473794325.55,-1581901489.84,6017275681.59,1552439380.68,-1565147386.46,6020509895.69,1569386692.76,-2827257604.73,6033254432.72
A1,A2,A3,B1,B2,B3,C1,C2,C3
1483781033.71,-1585394952.40,6035696029.05,1551217457.06,-1558453122.18,6038349596.07,1574517328.56,-2848522452.88,6051634384.89
A1,A2,A3,B1,B2,B3,C1,C2,C3
1497211921.16,-1587710779.47,6054280080.29,1546583029.15,-1553349109.20,6056083467.14,1579636634.05,-2869401133.34,6070036462.56
A1,A2,A3,B1,B2,B3,C1,C2,C3
1514289733.24,-1587607147.47,6073024763.83,1538332996.77,-1551071388.20,6073714510.07,1584744964.07,-2889899428.97,6088460736.10
A1,A2,A3,B1,B2,B3,C1,C2,C3
1534390098.02,-1582429048.78,6091877864.90,1527091319.11,-1554269535.86,6091294870.10,1589842731.35,-2910022770.73,6106907275.00
A1,A2,A3,B1,B2,B3,C1,C2,C3
1552098809.09,-1569917420.05,6110584246.81,1518271783.58,-1565197432.26,6109079616.51,1594930354.89,-2929776341.87,6125376146.68
A1,A2,A3,B1,B2,B3,C1,C2,C3
1562768473.83,-1555736467.17,6128997280.51,1516521484.22,-1578185925.36,6127215318.38,1600008133.29,-2949165088.56,6143867411.11
A1,A2,A3,B1,B2,B3,C1,C2,C3
1568595992.75,-1543789012.46,6147248915.85,1519643354.45,-1589327600.86,6145569975.00,1605076232.60,-2968193602.76,6162381119.15
A1,A2,A3,B1,B2,B3,C1,C2,C3
1571408858.90,-1534726274.08,6165424211.41,1525809761.03,-1597967024.14,6164058481.59,1610134793.02,-2986866100.95,6180917317.00
A1,A2,A3,B1,B2,B3,C1,C2,C3
1572172362.30,-1528640963.68,6183565703.85,1534055239.59,-1604007584.42,6182638256.87,1615183988.89,-3005186482.25,6199476049.28
A1,A2,A3,B1,B2,B3,C1,C2,C3
1571482210.65,-1525588530.62,6201699626.92,1543783859.59,-1607390191.57,6201283022.80,1620224043.06,-3023158387.43,6218057360.28
A1,A2,A3,B1,B2,B3,C1,C2,C3
1569785934.49,-1525686151.57,6219846407.81,1554547826.01,-1607994240.23,6219972308.16,1625255220.00,-3040785245.19,6236661294.03
A1,A2,A3,B1,B2,B3,C1,C2,C3
1567507729.59,-1529154611.56,6238026452.96,1565922654.71,-1605595695.25,6238685663.13,1630277808.09,-3058070305.63,6255287893.92
A1,A2,A3,B1,B2,B3,C1,C2,C3
1565180658.53,-1536366284.53,6256266309.52,1577374995.01,-1599819089.75,6257396498.67,1635292095.41,-3075016661.71,6273937201.82
A1,A2,A3,B1,B2,B3,C1,C2,C3
1563724933.13,-1547902247.59,6274611217.47,1587984376.07,-1590080402.91,6276059535.62,1640298341.02,-3091627257.12,6292609256.92
A1,A2,A3,B1,B2,B3,C1,C2,C3
1565302055.55,-1564320401.49,6293159760.29,1595589096.40,-1575818950.69,6294576155.39,1645296744.21,-3107904875.18,6311304094.32
A1,A2,A3,B1,B2,B3,C1,C2,C3
1574134336.84,-1583002538.08,6312069217.45,1595966722.96,-1559650361.95,6312789048.72,1650287426.99,-3123852095.15,6330021743.83
A1,A2,A3,B1,B2,B3,C1,C2,C3
1588728534.45,-1596875038.10,6331207821.88,1590610402.91,-1548645937.88,6330829956.48,1655270484.74,-3139471235.10,6348762231.64
A1,A2,A3,B1,B2,B3,C1,C2,C3
1603941801.05,-1605286833.07,6350347452.38,1584662824.17,-1543454646.27,6348926973.00,1660246076.89,-3154764395.74,6367525584.62
A1,A2,A3,B1,B2,B3,C1,C2,C3
1618008383.43,-1609783974.48,6369426629.39,1579889526.29,-1542528460.95,6367141549.83,1665214417.08,-3169733551.74,6386311830.78
A1,A2,A3,B1,B2,B3,C1,C2,C3
1630374221.42,-1611343545.11,6388430744.57,1576844352.34,-1544888421.00,6385488268.06,1670175722.41,-3184380581.25,6405120997.37
A1,A2,A3,B1,B2,B3,C1,C2,C3
1640751266.68,-1610557727.59,6407353004.78,1575815163.18,-1549940565.89,6403973895.83,1675130180.37,-3198707262.16,6423953109.40
A1,A2,A3,B1,B2,B3,C1,C2,C3
1648886419.82,-1607824879.63,6426186280.08,1577054916.43,-1557284872.83,6422605541.09,1680077932.73,-3212715259.55,6442808188.83
A1,A2,A3,B1,B2,B3,C1,C2,C3
1654470870.82,-1603455685.84,6444920201.98,1580872330.29,-1566609119.11,6441393553.74,1685019071.30,-3226406111.52,6461686254.28
A1,A2,A3,B1,B2,B3,C1,C2,C3
1657063231.39,-1597759842.26,6463538671.57,1587708746.24,-1577602211.12,6460354017.37,1689953642.89,-3239781215.64,6480587321.06
A1,A2,A3,B1,B2,B3,C1,C2,C3
1655972481.06,-1591192225.40,6482016199.73,1598255169.20,-1589808026.39,6479512408.57,1694881663.07,-3252841817.88,6499511401.70
A1,A2,A3,B1,B2,B3,C1,C2,C3
1650080370.15,-1584808304.88,6500314578.34,1613629840.85,-1602170006.74,6498906924.75,1699803139.82,-3265589006.78,6518458506.92
A1,A2,A3,B1,B2,B3,C1,C2,C3
1638469463.23,-1581909480.08,6518425642.84,1634750159.98,-1611385812.68,6518545719.94,1704718109.78,-3278023722.46,6537428647.23
A1,A2,A3,B1,B2,B3,C1,C2,C3
1625773915.55,-1587019638.04,6536592427.05,1656981872.88,-1612930716.80,6538185748.07,1709626671.42,-3290146805.30,6556421834.88
A1,A2,A3,B1,B2,B3,C1,C2,C3
1617735471.68,-1597026783.76,6555033076.82,1674583112.54,-1609915905.86,6557608850.31,1714528947.17,-3301959063.53,6575438082.87
A1,A2,A3,B1,B2,B3,C1,C2,C3
1614346002.28,-1608449625.25,6573714104.47,1687561933.43,-1605821915.78,6576848503.93,1719425011.91,-3313461253.22,6594477401.60
A1,A2,A3,B1,B2,B3,C1,C2,C3
1614785017.53,-1619971113.00,6592587567.81,1696738802.57,-1601965145.77,6595952643.93,1724314888.43,-3324654024.67,6613539798.25
A1,A2,A3,B1,B2,B3,C1,C2,C3
1618495996.30,-1630979393.93,6611623627.91,1702670246.11,-1598956928.14,6614951104.52,1729198571.73,-3335537898.66,6632625277.57
A1,A2,A3,B1,B2,B3,C1,C2,C3
1625129063.66,-1641071993.02,6630803355.98,1705706148.65,-1597199350.39,6633862811.19,1734076052.12,-3346113262.69,6651733842.83
A1,A2,A3,B1,B2,B3,C1,C2,C3
1634462903.75,-1649885951.60,6650113746.98,1706067822.70,-1597055110.73,6652700766.38,1738947332.95,-3356380377.23,6670865496.64
A1,A2,A3,B1,B2,B3,C1,C2,C3
1646352683.66,-1657001782.11,6669544558.14,1703900072.53,-1598943551.25,6671475210.23,1743812442.87,-3366339387.75,6690020241.64
A1,A2,A3,B1,B2,B3,C1,C2,C3
1660676454.44,-1661836932.03,6689084982.08,1699324786.87,-1603447177.65,6690196947.07,1748671442.10,-3375990341.09,6709198080.85
A1,A2,A3,B1,B2,B3,C1,C2,C3
1677205489.63,-1663453618.52,6708716222.44,1692570601.43,-1611503804.63,6708884769.65,1753524421.38,-3385333205.36,6728399017.91
A1,A2,A3,B1,B2,B3,C1,C2,C3
1695039640.57,-1660194865.10,6728383664.02,1684537556.34,-1624770497.18,6727593289.34,1758371489.24,-3394367892.05,6747623056.64
A1,A2,A3,B1,B2,B3,C1,C2,C3
1710307962.31,-1650491615.99,6747905332.76,1679096503.77,-1644816440.10,6746504477.41,1763212738.48,-3403094272.18,6766870199.82
A1,A2,A3,B1,B2,B3,C1,C2,C3
1718109758.27,-1639053375.60,6767114581.69,1681148113.43,-1666932323.30,6765784981.54,1768048195.95,-3411512151.38,6786140446.77
A1,A2,A3,B1,B2,B3,C1,C2,C3
1720826714.50,-1631016852.84,6786163079.33,1688310729.43,-1685981766.60,6785283137.62,1772877831.49,-3419621200.95,6805433793.05
A1,A2,A3,B1,B2,B3,C1,C2,C3
1721165480.69,-1626909597.68,6805172644.45,1697877724.78,-1701437691.28,6804877132.35,1777701622.40,-3427420949.62,6824750233.20
A1,A2,A3,B1,B2,B3,C1,C2,C3
1720378039.79,-1626424987.05,6824194383.98,1708597104.77,-1713607296.91,6824515863.79,1782519580.47,-3434910820.92,6844089762.23
A1,A2,A3,B1,B2,B3,C1,C2,C3
1719142039.97,-1629300530.27,6843255041.23,1719791177.83,-1722753726.69,6844172592.96,1787331749.05,-3442090162.30,6863452375.82
A1,A2,A3,B1,B2,B3,C1,C2,C3
1717922262.92,-1635382086.15,6862373205.24,1730995099.29,-1729031833.77,6863828734.87,1792138191.16,-3448958261.80,6882838069.89
A1,A2,A3,B1,B2,B3,C1,C2,C3
1717121091.01,-1644611827.78,6881565689.17,1741806418.71,-1732500209.03,6883467480.71,1796938974.85,-3455514355.47,6902246840.12
A1,A2,A3,B1,B2,B3,C1,C2,C3
1717174602.29,-1657017043.83,6900851570.40,1751788999.99,-1733132379.68,6903069758.35,1801734158.18,-3461757627.43,6921678681.24
A1,A2,A3,B1,B2,B3,C1,C2,C3
1718665699.48,-1672699718.59,6920256973.08,1760359906.49,-1730827236.25,6922609450.53,1806523775.06,-3467687202.84,6941133586.40
A1,A2,A3,B1,B2,B3,C1,C2,C3
1722544127.31,-1691784132.61,6939824063.51,1766569395.44,-1725461446.84,6942044400.02,1811307823.55,-3473302133.07,6960611546.47
A1,A2,A3,B1,B2,B3,C1,C2,C3
1730649881.09,-1714026063.16,6959629916.48,1768577514.30,-1717280281.50,6961297543.88,1816086260.85,-3478601370.79,6980112549.65
A1,A2,A3,B1,B2,B3,C1,C2,C3
1745789611.03,-1736474219.67,6979767552.39,1763577682.42,-1709236212.18,6980275875.93,1820859017.42,-3483583734.62,6999636581.68
A1,A2,A3,B1,B2,B3,C1,C2,C3
1765542023.98,-1752945668.51,7000073635.06,1753991234.68,-1707513505.87,6999142746.87,1825626051.52,-3488247891.20,7019183628.07
A1,A2,A3,B1,B2,B3,C1,C2,C3
1784292456.97,-1763625214.29,7020307639.80,1745432804.39,-1711928788.36,7018138693.70,1830387392.83,-3492592410.14,7038753676.50
A1,A2,A3,B1,B2,B3,C1,C2,C3
1800484298.91,-1770823148.22,7040424386.45,1739458941.49,-1720173244.08,7037308908.01,1835143102.48,-3496615815.78,7058346715.54
A1,A2,A3,B1,B2,B3,C1,C2,C3
1813923358.77,-1775831904.94,7060427797.40,1736263791.61,-1730955968.01,7056649479.99,1839893225.86,-3500316578.52,7077962732.61
A1,A2,A3,B1,B2,B3,C1,C2,C3
1824604409.32,-1779385314.31,7080324632.09,1735852572.51,-1743544739.29,7076153665.12,1844637772.47,-3503693089.34,7097601712.80
A1,A2,A3,B1,B2,B3,C1,C2,C3
1832507480.01,-1781971961.20,7100118679.38,1738245285.70,-1757452685.31,7095817692.16,1849376711.34,-3506743636.00,7117263638.46
A1,A2,A3,B1,B2,B3,C1,C2,C3
1837552159.17,-1783979429.79,7119810158.59,1743522410.23,-1772294057.14,7115641362.18,1854109975.08,-3509466383.24,7136948489.23
A1,A2,A3,B1,B2,B3,C1,C2,C3
1839574340.30,-1785783479.33,7139395564.90,1751848146.62,-1787695069.20,7135628202.84,1858837469.68,-3511859357.39,7156656242.26
A1,A2,A3,B1,B2,B3,C1,C2,C3
1838297709.92,-1787843111.45,7158867343.87,1763498914.43,-1803198842.42,7155785793.36,1863559089.05,-3513920435.89,7176386872.77
A1,A2,A3,B1,B2,B3,C1,C2,C3
1833299250.40,-1790879379.51,7178214104.84,1778897830.51,-1818086598.54,7176125550.33,1868274733.98,-3515647343.65,7196140354.83
A1,A2,A3,B1,B2,B3,C1,C2,C3
1824079882.25,-1796355791.89,7197428242.07,1798544044.23,-1830897249.29,7196655105.55,1872984334.58,-3517037660.54,7215916662.37
A1,A2,A3,B1,B2,B3,C1,C2,C3
1811383816.30,-1807537048.79,7216572944.97,1821693365.93,-1838368631.29,7217311294.68,1877687869.70,-3518088849.77,7235715770.35
A1,A2,A3,B1,B2,B3,C1,C2,C3
1801046929.85,-1826262457.54,7235917550.66,1842509906.19,-1838664037.22,7237824804.79,1882385351.43,-3518798311.29,7255537654.54
A1,A2,A3,B1,B2,B3,C1,C2,C3
1796765374.65,-1847619644.57,7255574796.63,1857297547.13,-1836698494.36,7258082925.15,1887076745.92,-3519163391.42,7275382288.22
A1,A2,A3,B1,B2,B3,C1,C2,C3
1797226771.80,-1868505416.29,7275458513.19,1867368783.10,-1835577981.35,7278171856.92,1891761937.71,-3519181305.10,7295249639.89
A1,A2,A3,B1,B2,B3,C1,C2,C3
1801162805.36,-1888033974.76,7295505538.50,1873992088.58,-1836191265.83,7298154797.05,1896440768.28,-3518849082.64,7315139674.45
A1,A2,A3,B1,B2,B3,C1,C2,C3
1807808359.65,-1905880267.92,7315679762.29,1877932741.08,-1838866564.67,7318067892.92,1901113075.78,-3518163559.21,7335052354.79
A1,A2,A3,B1,B2,B3,C1,C2,C3
1816672666.41,-1921846193.64,7335958121.28,1879681648.25,-1843805335.41,7337934245.76,1905778720.83,-3517121379.42,7354987642.96
A1,A2,A3,B1,B2,B3,C1,C2,C3
1827405416.98,-1935738212.17,7356323656.75,1879589220.66,-1851204654.49,7357770852.36,1910437601.51,-3515719006.57,7374945500.90
A1,A2,A3,B1,B2,B3,C1,C2,C3
1839719327.23,-1947311506.79,7376761641.52,1877942800.40,-1861313045.64,7377592477.67,1915089659.86,-3513952733.65,7394925890.81
A1,A2,A3,B1,B2,B3,C1,C2,C3
1853325056.42,-1956219988.30,7397256295.70,1875031744.01,-1874480464.13,7397414939.07,1919734880.09,-3511818694.58,7414928775.23
A1,A2,A3,B1,B2,B3,C1,C2,C3
1867831996.08,-1961944037.43,7417785817.74,1871246644.83,-1891230544.43,7417260075.69,1924373277.32,-3509312874.18,7434954116.58
A1,A2,A3,B1,B2,B3,C1,C2,C3
1882495590.98,-1963680592.04,7438310434.61,1867332035.73,-1912370507.80,7437167699.15,1929004873.92,-3506431113.33,7455001876.24
A1,A2,A3,B1,B2,B3,C1,C2,C3
1895377365.73,-1960421051.79,7458736896.88,1865226402.65,-1938913266.25,7457231100.40,1933629659.34,-3503169100.34,7475072012.72
A1,A2,A3,B1,B2,B3,C1,C2,C3
1902106388.47,-1953547207.54,7478889742.91,1869300773.27,-1969481541.42,7477625788.16,1938247537.76,-3499522322.73,7495164478.93
A1,A2,A3,B1,B2,B3,C1,C2,C3
1902002191.41,-1949513387.83,7498801045.12,1880235797.19,-1997625827.54,7498319743.76,1942858327.36,-3495485957.71,7515279221.12
A1,A2,A3,B1,B2,B3,C1,C2,C3
1899275551.38,-1950632791.10,7518674525.12,1893820858.98,-2021038113.22,7519109301.93,1947461866.75,-3491054818.26,7535416182.95
A1,A2,A3,B1,B2,B3,C1,C2,C3
1896121003.90,-1956171514.11,7538597895.72,1907861500.51,-2040457791.62,7539906805.45,1952058078.52,-3486223414.42,7555575308.83
A1,A2,A3,B1,B2,B3,C1,C2,C3
1893416186.72,-1965400767.64,7558602091.69,1921480096.06,-2056619394.69,7560681374.74,1956646950.67,-3480986003.50,7575756543.57
A1,A2,A3,B1,B2,B3,C1,C2,C3
1891619904.00,-1977837653.24,7578702314.84,1934217824.91,-2070011804.93,7581417864.23,1961228499.74,-3475336601.42,7595959830.94
A1,A2,A3,B1,B2,B3,C1,C2,C3
1891057178.90,-1993165237.64,7598909573.79,1945749654.23,-2080958192.58,7602105324.23,1965802735.41,-3469268971.23,7616185111.98
A1,A2,A3,B1,B2,B3,C1,C2,C3
1892029440.78,-2011170071.36,7619234844.08,1955774183.19,-2089678523.55,7622732842.48,1970369629.14,-3462776596.48,7636432323.44
A1,A2,A3,B1,B2,B3,C1,C2,C3
1894880706.18,-2031700239.65,7639691524.69,1963947488.19,-2096331548.07,7643287089.07,1974929088.00,-3455852641.71,7656701396.24
A1,A2,A3,B1,B2,B3,C1,C2,C3
1900067645.40,-2054624757.01,7660298075.05,1969813075.50,-2101055458.46,7663749680.78,1979480935.42,-3448489900.08,7676992254.17
A1,A2,A3,B1,B2,B3,C1,C2,C3
1908273525.47,-2079756327.28,7681082196.68,1972687946.19,-2104045195.40,7684093000.43,1984024903.29,-3440680727.10,7697304812.89
A1,A2,A3,B1,B2,B3,C1,C2,C3
1920624222.07,-2106597637.50,7702087739.61,1971446571.63,-2105806234.62,7704273290.65,1988560644.57,-3432416959.97,7717638979.74
A1,A2,A3,B1,B2,B3,C1,C2,C3
1938817833.36,-2133277361.54,7723370167.76,1964391226.56,-2108218671.14,7724235187.08,1993087786.35,-3423689829.81,7737994655.15
A1,A2,A3,B1,B2,B3,C1,C2,C3
1962126427.44,-2154758217.00,7744850121.76,1952250122.20,-2116329207.97,7744058150.83,1997606049.32,-3414489916.01,7758371737.41
A1,A2,A3,B1,B2,B3,C1,C2,C3
1984345747.51,-2169525745.44,7766245460.29,1941227604.40,-2131662274.35,7764024421.96,2002115344.43,-3404807247.78,7778770127.76
A1,A2,A3,B1,B2,B3,C1,C2,C3
2002814207.53,-2180873823.85,7787472683.65,1933985281.44,-2150934410.99,7784217600.27,2006615649.42,-3394631407.41,7799189726.08
A1,A2,A3,B1,B2,B3,C1,C2,C3
2017623076.03,-2190792137.12,7808554669.22,1930432001.68,-2172166905.20,7804614917.89,2011106847.43,-3383951422.69,7819630422.90
A1,A2,A3,B1,B2,B3,C1,C2,C3
2029124699.20,-2200232731.97,7829515683.53,1930215679.84,-2194419412.43,7825192230.91,2015588677.52,-3372755591.48,7840092095.56
A1,A2,A3,B1,B2,B3,C1,C2,C3
2037580849.22,-2209748331.32,7850372283.70,1933074942.67,-2217151805.45,7845933119.33,2020060740.80,-3361031318.06,7860574606.97
A1,A2,A3,B1,B2,B3,C1,C2,C3
2043152840.01,-2219736505.76,7871135215.05,1938848985.03,-2239980158.05,7866826989.66,2024522528.44,-3348764958.06,7881077805.29
A1,A2,A3,B1,B2,B3,C1,C2,C3
2045919697.52,-2230548490.65,7891811230.94,1947459357.72,-2262568082.45,7887867254.74,2028973463.73,-3335941663.91,7901601524.32
A1,A2,A3,B1,B2,B3,C1,C2,C3
2045891886.82,-2242560204.04,7912404361.18,1958896185.53,-2284555868.21,7909050064.49,2033412956.79,-3322545227.98,7922145584.33
A1,A2,A3,B1,B2,B3,C1,C2,C3
2043023120.02,-2256250206.52,7932917163.55,1973206291.36,-2305482679.80,7930373052.94,2037840472.63,-3308557925.23,7942709793.51
A1,A2,A3,B1,B2,B3,C1,C2,C3
2037241843.45,-2272333151.19,7953353352.85,1990461630.23,-2324653255.58,7951832707.17,2042255609.87,-3293960364.19,7963293949.98
A1,A2,A3,B1,B2,B3,C1,C2,C3
2028613027.69,-2292049435.64,7973727539.48,2010597424.35,-2340848376.84,7973414626.70,2046658175.74,-3278731365.98,7983897843.82
A1,A2,A3,B1,B2,B3,C1,C2,C3
2018273162.42,-2317643514.90,7994110129.19,2032477153.23,-2351846618.44,7995048623.65,2051048201.06,-3262847900.72,8004521257.16
A1,A2,A3,B1,B2,B3,C1,C2,C3
2011055524.84,-2350274962.78,8014720724.84,2051267499.47,-2356513334.06,8016515330.70,2055425726.00,-3246285040.89,8025163954.46
A1,A2,A3,B1,B2,B3,C1,C2,C3
2010648874.79,-2384960201.17,8035671067.13,2063280176.99,-2359859367.54,8037703287.11,2059790276.81,-3229015520.80,8045825655.75
A1,A2,A3,B1,B2,B3,C1,C2,C3
2015135678.27,-2418025373.85,8056843440.89,2070433869.60,-2365589219.35,8058730549.37,2064140703.70,-3211008696.17,8066506019.74
A1,A2,A3,B1,B2,B3,C1,C2,C3
2022658607.21,-2448783658.61,8078151161.19,2074587373.05,-2374424645.95,8079684198.25,2068475538.97,-3192229632.78,8087204650.56
A1,A2,A3,B1,B2,B3,C1,C2,C3
2032196972.58,-2477216124.46,8099550003.10,2076762832.05,-2386424537.00,8100608901.83,2072793326.94,-3172638371.93,8107921105.07
A1,A2,A3,B1,B2,B3,C1,C2,C3
2043134674.22,-2503389201.38,8121014013.00,2077577560.44,-2401568303.01,8121531102.44,2077092853.93,-3152189073.14,8128654894.56
A1,A2,A3,B1,B2,B3,C1,C2,C3
2055040689.53,-2527347269.37,8142525013.85,2077463357.26,-2419864399.02,8142469513.52,2081373343.52,-3130828901.37,8149405482.63
A1,A2,A3,B1,B2,B3,C1,C2,C3
2067563052.89,-2549088648.94,8164067801.66,2076772339.11,-2441375808.57,8163439929.10,2085634644.73,-3108496552.56,8170172279.23
A1,A2,A3,B1,B2,B3,C1,C2,C3
2080362560.24,-2568555238.88,8185627186.05,2075843058.19,-2466232396.65,8184458194.51,2089877409.39,-3085120262.96,8190954629.44
A1,A2,A3,B1,B2,B3,C1,C2,C3
2093049286.65,-2585620946.84,8207185140.79,2075063862.20,-2494645246.45,8205543076.90,2094103214.73,-3060615041.70,8211751792.32
A1,A2,A3,B1,B2,B3,C1,C2,C3
2105085834.67,-2600078049.02,8228716498.87,2074969700.64,-2526924324.35,8226720610.81,2098314508.74,-3034878646.23,8232562900.32
A1,A2,A3,B1,B2,B3,C1,C2,C3
2115581359.27,-2611648988.28,8250180176.65,2076448618.49,-2563472949.50,8248032956.12,2102514091.43,-3007785314.50,8253386877.23
A1,A2,A3,B1,B2,B3,C1,C2,C3
2122784838.97,-2620247668.38,8271499794.63,2081250032.54,-2604537323.93,8269557947.05,2106703567.51,-2979174940.75,8274222268.32
A1,A2,A3,B1,B2,B3,C1,C2,C3
2123611863.53,-2627792647.48,8292560516.41,2092460849.62,-2648414822.33,8291412583.06,2110880440.39,-2948831592.12,8295066910.53
A1,A2,A3,B1,B2,B3,C1,C2,C3
2118097458.71,-2640194932.60,8313420117.72,2110051992.45,-2689512694.16,8313542374.42,2115038761.58,-2916437012.14,8315917517.87
A1,A2,A3,B1,B2,B3,C1,C2,C3
2111136154.58,-2659701071.26,8334311190.93,2129116882.54,-2726101398.60,8335719129.91,2119190579.51,-2881474194.09,8336769689.16
A1,A2,A3,B1,B2,B3,C1,C2,C3
2105274554.14,-2685108977.66,8355332184.77,2146985103.95,-2760339821.19,8357848165.27,2123459707.10,-2842986338.25,8357619659.95
A1,A2,A3,B1,B2,B3,C1,C2,C3
2101396415.21,-2715789972.29,8376515250.97,2161609749.21,-2794951743.16,8379867078.68,2129009294.04,-2798878342.89,8378497680.35
A1,A2,A3,B1,B2,B3,C1,C2,C3
2101145873.84,-2752416899.42,8397937741.97,2168334945.86,-2827600705.80,8401552720.97,2138851076.70,-2750813822.44,8399549547.06
A1,A2,A3,B1,B2,B3,C1,C2,C3
2108487398.81,-2791548888.92,8419737981.63,2170862315.58,-2854400498.48,8423027833.95,2145318964.64,-2706119857.69,8420514194.42
A1,A2,A3,B1,B2,B3,C1,C2,C3
2120241444.37,-2830176110.74,8441750116.34,2170461707.16,-2876558551.43,8444358706.90,2150322654.82,-2666598848.44,8441491186.75
A1,A2,A3,B1,B2,B3,C1,C2,C3
2135905633.62,-2870124042.65,8463969842.65,2166410475.39,-2894040918.00,8465513833.32,2155087169.34,-2630459263.55,8462516334.03
A1,A2,A3,B1,B2,B3,C1,C2,C3
2160723076.75,-2912858116.89,8486637355.47,2153282730.13,-2906276649.75,8486253644.97,2159795288.16,-2596806619.25,8483589009.55
A1,A2,A3,B1,B2,B3,C1,C2,C3
2187206045.60,-2943870325.57,8509291443.36,2138524756.84,-2928271360.80,8507042301.39,2164488453.98,-2565143309.31,8504706265.25
A1,A2,A3,B1,B2,B3,C1,C2,C3
2207057682.78,-2971680804.78,8531655194.61,2130424856.80,-2951828664.61,8528159426.62,2169175222.89,-2535145584.16,8525865388.77
A1,A2,A3,B1,B2,B3,C1,C2,C3
2222912356.26,-2997758563.86,8553856268.97,2126344149.72,-2975705845.85,8549479320.17,2173860107.24,-2506587149.82,8547064420.86
A1,A2,A3,B1,B2,B3,C1,C2,C3
2235580383.42,-3022505621.12,8575933459.38,2125468661.23,-2999666154.57,8570964604.37,2178546764.00,-2479302737.91,8568301946.25
A1,A2,A3,B1,B2,B3,C1,C2,C3
2245434087.38,-3046128418.39,8597904797.14,2127423031.22,-3023628883.00,8592598313.67,2183238230.16,-2453166614.35,8589576899.19
A1,A2,A3,B1,B2,B3,C1,C2,C3
2252646183.30,-3068753951.92,8619778943.97,2132032029.64,-3047565910.54,8614372618.96,2187937020.64,-2428079903.52,8610888447.07
A1,A2,A3,B1,B2,B3,C1,C2,C3
2257260860.89,-3090466530.13,8641558609.23,2139249395.47,-3071472778.75,8636285481.54,2192645206.71,-2403962755.45,8632235919.22
A1,A2,A3,B1,B2,B3,C1,C2,C3
2259208703.01,-3111323300.43,8663241341.50,2149142853.55,-3095358242.18,8658339907.10,2197364480.68,-2380749268.13,8653618761.40
A1,A2,A3,B1,B2,B3,C1,C2,C3
2258282312.87,-3131361924.15,8684818549.87,2161918437.31,-3119240028.40,8680544954.92,2202096205.91,-2358384052.71,8675036505.20
A1,A2,A3,B1,B2,B3,C1,C2,C3
2254046196.33,-3150606002.78,8706271666.99,2178010571.30,-3143141825.62,8702919596.33,2206841452.00,-2336819819.47,8696488746.68
A1,A2,A3,B1,B2,B3,C1,C2,C3
2245530437.45,-3169081823.69,8727559090.21,2198388376.04,-3167078298.10,8725505789.45,2211601014.38,-2316015616.78,8717975130.34
A1,A2,A3,B1,B2,B3,C1,C2,C3
2229028618.61,-3187301275.16,8748525756.79,2226757748.82,-3190573519.88,8748458916.86,2216375413.36,-2295935482.33,8739495336.35
A1,A2,A3,B1,B2,B3,C1,C2,C3
2211935119.18,-3216421090.86,8769596949.22,2255724063.78,-3202502915.08,8771353991.54,2221164895.43,-2276547258.30,8761049069.25
A1,A2,A3,B1,B2,B3,C1,C2,C3
2203475988.82,-3243761407.09,8791050073.85,2276060957.92,-3215575612.05,8793913872.15,2225969773.94,-2257821680.09,8782636064.00
A1,A2,A3,B1,B2,B3,C1,C2,C3
2198993996.43,-3269289811.14,8812683857.85,2292425169.77,-3229850398.07,8816340061.34,2230790541.46,-2239732373.09,8804256090.81
A1,A2,A3,B1,B2,B3,C1,C2,C3
2197471847.52,-3293296299.91,8834457164.54,2305833547.60,-3245060932.94,8838673901.68,2235627644.20,-2222255680.59,8825908943.78
A1,A2,A3,B1,B2,B3,C1,C2,C3
2198449976.62,-3315925682.46,8856351541.72,2316745336.90,-3261083674.49,8860934034.01,2240481402.14,-2205370335.75,8847594434.26
A1,A2,A3,B1,B2,B3,C1,C2,C3
2201686930.46,-3337252822.05,8878357283.09,2325401812.82,-3277862945.09,8883130339.56,2245351993.41,-2189057152.89,8869312387.35
A1,A2,A3,B1,B2,B3,C1,C2,C3
2207059108.55,-3357308223.77,8900469345.56,2331926531.19,-3295385614.61,8905268024.87,2250239462.66,-2173298757.08,8891062639.57
A1,A2,A3,B1,B2,B3,C1,C2,C3
2214523828.08,-3376086526.28,8922685836.26,2336362245.99,-3313672841.32,8927349136.24,2255143738.74,-2158079351.39,8912845037.49
A1,A2,A3,B1,B2,B3,C1,C2,C3
2224108685.27,-3393545641.52,8945007545.34,2338681526.88,-3332781131.86,8949373027.93,2260064655.74,-2143384517.22,8934659436.73
A1,A2,A3,B1,B2,B3,C1,C2,C3
2235919141.44,-3409596450.94,8967438175.19,2338779151.07,-3352812816.83,8971336133.59,2265001975.16,-2129201042.55,8956505701.22
A1,A2,A3,B1,B2,B3,C1,C2,C3
2250170370.56,-3424075538.93,8989985455.14,2336440232.94,-3373943466.48,8993230852.03,2269955408.63,-2115516772.70,8978383702.82
A1,A2,A3,B1,B2,B3,C1,C2,C3
2267274952.11,-3436672205.49,9012664230.68,2331252507.04,-3396495009.49,9015042458.19,2274924642.12,-2102320479.02,9000293321.12
A1,A2,A3,B1,B2,B3,C1,C2,C3
2288134739.37,-3446664390.84,9035506544.03,2322314431.49,-3421199927.26,9036739022.49,2279909364.25,-2089601739.88,9022234443.48
A1,A2,A3,B1,B2,B3,C1,C2,C3
2315203113.72,-3449390181.77,9058573882.02,2307172893.24,-3452729862.43,9058259162.28,2284909306.67,-2077350825.85,9044206965.70
A1,A2,A3,B1,B2,B3,C1,C2,C3
2332623744.52,-3446259862.76,9081195453.95,2301684349.00,-3489683677.12,9080273760.76,2289924343.30,-2065558590.34,9066210795.28
A1,A2,A3,B1,B2,B3,C1,C2,C3
2345663443.55,-3448451126.92,9103704933.43,2300581885.82,-3520892207.06,9102449221.15,2294954575.33,-2054216504.49,9088245855.42
A1,A2,A3,B1,B2,B3,C1,C2,C3
2356611680.53,-3453743875.18,9126179979.11,2301575857.07,-3548583455.41,9124707952.38,2300000179.69,-2043316664.23,9110312078.51
A1,A2,A3,B1,B2,B3,C1,C2,C3
2366045433.71,-3461416957.96,9148638623.21,2304089120.28,-3573485942.90,9147031985.32,2305061320.56,-2032851698.39,9132409401.47
A1,A2,A3,B1,B2,B3,C1,C2,C3
2374235267.34,-3471118769.73,9171089193.73,2307850987.13,-3595958180.35,9169413052.34,2310138122.02,-2022814701.71,9154537763.93
A1,A2,A3,B1,B2,B3,C1,C2,C3
2381332655.75,-3482658125.76,9193536406.96,2312709909.15,-3616197841.97,9191846495.71,2315230658.22,-2013199184.67,9176697107.32
A1,A2,A3,B1,B2,B3,C1,C2,C3
2387427702.76,-3495934818.09,9215983197.04,2318575759.92,-3634311249.26,9214329438.54,2320338951.76,-2003999033.77,9198887374.43
A1,A2,A3,B1,B2,B3,C1,C2,C3
2392572401.30,-3510911846.13,9238431455.27,2325396572.81,-3650341172.87,9236860045.54,2325462976.34,-1995208478.92,9221108509.18
A1,A2,A3,B1,B2,B3,C1,C2,C3
2396790845.85,-3527605530.77,9260882376.73,2333148323.24,-3664276745.72,9259437176.60,2330602662.05,-1986822066.32,9243360456.67
A1,A2,A3,B1,B2,B3,C1,C2,C3
2400082885.82,-3546086958.12,9283336631.60,2341831268.33,-3676052042.04,9282060215.23,2335757902.36,-1978834635.64,9265643163.17
A1,A2,A3,B1,B2,B3,C1,C2,C3
2402423014.07,-3566495360.15,9305794444.63,2351471050.10,-3685532715.81,9304728989.02,2340928562.40,-1971241300.92,9287956576.36
A1,A2,A3,B1,B2,B3,C1,C2,C3
2403753642.12,-3589071810.51,9328255625.71,2362125410.62,-3692482320.82,9327443738.74,2346114488.57,-1964037434.72,9310300645.55
A1,A2,A3,B1,B2,B3,C1,C2,C3
2403968164.49,-3614241993.83,9350719626.97,2373901116.43,-3696479553.83,9350205060.91,2351315519.82,-1957218655.65,9332675322.11
A1,A2,A3,B1,B2,B3,C1,C2,C3
2402869387.60,-3642866952.19,9373186135.96,2386995515.65,-3696667516.71,9373013314.13,2356531501.61,-1950780819.75,9355080559.92
A1,A2,A3,B1,B2,B3,C1,C2,C3
2400134464.72,-3677664178.92,9395667090.44,2401731583.64,-3690332625.35,9395856603.35,2361762305.30,-1944720017.83,9377516316.21
A1,A2,A3,B1,B2,B3,C1,C2,C3
2406551680.29,-3718860271.59,9418630170.79,2407321105.86,-3677251939.99,9418267286.06,2367007861.00,-1939032592.06,9399982553.15
A1,A2,A3,B1,B2,B3,C1,C2,C3
2416238315.72,-3750925848.42,9441673702.58,2409646815.01,-3672958186.73,9440647069.11,2372268154.60,-1933715198.11,9422479238.31
A1,A2,A3,B1,B2,B3,C1,C2,C3
2425602075.78,-3778423261.16,9464686106.15,2412301035.38,-3672892082.44,9463107562.63,2377543157.02,-1928764767.38,9445006341.22
A1,A2,A3,B1,B2,B3,C1,C2,C3
2434584112.36,-3802621093.18,9487676918.31,2415342660.25,-3675787913.71,9485639259.08,2382832823.13,-1924178429.89,9467563832.62
A1,A2,A3,B1,B2,B3,C1,C2,C3
2443183002.39,-3824084318.24,9510651455.84,2418773162.61,-3681083413.40,9508236869.58,2388137102.96,-1919953479.05,9490151684.58
A1,A2,A3,B1,B2,B3,C1,C2,C3
2451400392.33,-3843123339.25,9533612744.65,2422590943.79,-3688470742.71,9530897394.72,2393455948.75,-1916087350.72,9512769870.63
A1,A2,A3,B1,B2,B3,C1,C2,C3
2459233764.30,-3859921216.84,9556562418.70,2426798562.65,-3697769276.85,9553619225.47,2398789319.52,-1912577609.08,9535418365.83
A1,A2,A3,B1,B2,B3,C1,C2,C3
2466674741.84,-3874583498.55,9579501121.30,2431404426.69,-3708875785.89,9576401741.92,2404137184.24,-1909421936.51,9558097146.78
A1,A2,A3,B1,B2,B3,C1,C2,C3
2473708010.45,-3887160307.55,9602428668.75,2436423869.37,-3721742353.31,9599245149.61,2409499523.92,-1906618126.35,9580806191.65
A1,A2,A3,B1,B2,B3,C1,C2,C3
2480309719.54,-3897655373.43,9625344067.38,2441880746.98,-3736367350.36,9622150462.42,2414876332.89,-1904164077.78,9603545480.19
A1,A2,A3,B1,B2,B3,C1,C2,C3
2486444674.08,-3906026712.18,9648245398.85,2447810246.26,-3752794759.43,9645119617.39,2420267619.40,-1902057792.41,9626314993.76
A1,A2,A3,B1,B2,B3,C1,C2,C3
2492061216.80,-3912179257.89,9671129529.12,2454264002.22,-3771121544.20,9668155765.64,2425673405.76,-1900297372.46,9649114715.23
A1,A2,A3,B1,B2,B3,C1,C2,C3
2497081310.02,-3915945638.37,9693991497.54,2461320016.73,-3791516874.26,9691263883.40,2431093727.75,-1898881020.56,9671944629.06
A1,A2,A3,B1,B2,B3,C1,C2,C3
2501379026.72,-3917042764.58,9716823175.42,2469104168.63,-3814265534.10,9714452113.40,2436528633.55,-1897807041.23,9694804721.18
A1,A2,A3,B1,B2,B3,C1,C2,C3
2504723967.40,-3914963494.17,9739609793.17,2477846798.89,-3839876255.85,9737735237.85,2441978181.70,-1897073844.70,9717694978.98
A1,A2,A3,B1,B2,B3,C1,C2,C3
2506564156.00,-3908615405.21,9762317133.41,2488099818.01,-3869442938.16,9761147485.34,2447442437.74,-1896679954.26,9740615391.24
A1,A2,A3,B1,B2,B3,C1,C2,C3
2502362681.10,-3894883506.55,9784719772.40,2504400071.65,-3906081921.40,9784914289.64,2452921467.47,-1896624020.68,9763565947.96
A1,A2,A3,B1,B2,B3,C1,C2,C3
2490945204.70,-3889703338.33,9806918733.79,2527921859.49,-3933858858.97,9808934636.79,2458415309.17,-1896904850.42,9786546639.42
A1,A2,A3,B1,B2,B3,C1,C2,C3
2483565287.27,-3889704304.56,9829367530.29,2547411659.12,-3956145405.18,9832755025.80,2463923924.81,-1897521385.16,9809557453.91
A1,A2,A3,B1,B2,B3,C1,C2,C3
2478778700.34,-3892277249.43,9851979004.79,2564313780.31,-3975551686.74,9856462626.53,2469447233.07,-1898472654.01,9832598378.69
A1,A2,A3,B1,B2,B3,C1,C2,C3
2476039727.18,-3896691497.77,9874722653.64,2579174029.76,-3992809266.49,9880087954.95,2474985143.98,-1899757769.27,9855669401.41
A1,A2,A3,B1,B2,B3,C1,C2,C3
2475066705.99,-3902593362.98,9897582956.06,2592274152.32,-4008272635.23,9903646543.10,2480537574.50,-1901375926.78,9878770510.84
A1,A2,A3,B1,B2,B3,C1,C2,C3
2475695676.80,-3909779182.47,9920550898.31,2603778175.15,-4022146175.97,9927147414.46,2486104457.43,-1903326406.09,9901901697.23
A1,A2,A3,B1,B2,B3,C1,C2,C3
2477828523.48,-3918122847.09,9943621046.11,2613784260.27,-4034556634.76,9950596011.36,2491685746.88,-1905608570.32,9925062952.53
A1,A2,A3,B1,B2,B3,C1,C2,C3
2481410408.54,-3927545522.86,9966790282.75,2622347266.47,-4045583399.01,9973995456.70,2497281421.57,-1908221866.03,9948254270.55
A1,A2,A3,B1,B2,B3,C1,C2,C3
2486419285.06,-3938001277.99,9990057219.63,2629489235.57,-4055272870.86,9997347143.32,2502891486.58,-1911165822.87,9971475647.05
A1,A2,A3,B1,B2,B3,C1,C2,C3
2492861707.88,-3949470170.73,10013421949.78,2635203580.67,-4063645379.60,10020650980.52,2508515973.99,-1914440053.31,9994727079.70
A1,A2,A3,B1,B2,B3,C1,C2,C3
2500772999.64,-3961955695.77,10036886030.64,2639454920.44,-4070697735.64,10043905411.21,2514154942.46,-1918044252.23,10018008568.15
A1,A2,A3,B1,B2,B3,C1,C2,C3
2510221732.22,-3975485644.06,10060452685.70,2642174599.04,-4076402371.10,10067107210.41,2519808475.96,-1921978196.57,10041320113.89
A1,A2,A3,B1,B2,B3,C1,C2,C3
2521320303.99,-3990116819.13,10084127305.75,2643250111.13,-4080702623.84,10090250984.06,2525476681.48,-1926241744.96,10064661720.20
A1,A2,A3,B1,B2,B3,C1,C2,C3
2534246780.87,-4005945872.89,10107918494.53,2642503264.10,-4083501902.08,10113328123.52,2531159685.69,-1930834837.23,10088033391.95
A1,A2,A3,B1,B2,B3,C1,C2,C3
2549292519.64,-4023132736.48,10131840346.73,2639642559.70,-4084640254.05,10136324527.81,2536857630.07,-1935757494.03,10111435135.47
A1,A2,A3,B1,B2,B3,C1,C2,C3
2566985068.46,-4041956906.18,10155918287.03,2634140300.25,-4083838082.73,10159214764.81,2542570664.13,-1941009816.12,10134866958.15
A1,A2,A3,B1,B2,B3,C1,C2,C3
2588543954.29,-4062991036.61,10180210390.18,2624776811.65,-4080522553.63,10181940751.75,2548298935.01,-1946591983.34,10158328868.06
A1,A2,A3,B1,B2,B3,C1,C2,C3
2619961068.05,-4084788830.52,10204961441.97,2605560076.10,-4076139707.55,10204257694.91,2554042569.60,-1952504252.15,10181820873.12
A1,A2,A3,B1,B2,B3,C1,C2,C3
2649702056.18,-4095556391.45,10229561455.90,2588024374.93,-4082483128.66,10226775574.68,2559801640.13,-1958746934.85,10205342979.42
A1,A2,A3,B1,B2,B3,C1,C2,C3
2673547623.26,-4104708060.73,10253917986.54,2576388976.11,-4090138152.18,10249586832.25,2565576174.05,-1965320354.87,10228895191.21
A1,A2,A3,B1,B2,B3,C1,C2,C3
2693845653.34,-4113155509.83,10278141025.20,2568305970.25,-4098192750.93,10272581471.82,2571366196.69,-1972224867.95,10252477512.98
A1,A2,A3,B1,B2,B3,C1,C2,C3
2711411980.80,-4121118897.05,10302267871.45,2562959491.71,-4106426352.00,10295722188.53,2577171739.31,-1979460888.67,10276089950.03
A1,A2,A3,B1,B2,B3,C1,C2,C3
2726666005.35,-4128698109.29,10326317573.50,2559930101.89,-4114738581.52,10318989927.84,2582992840.82,-1987028904.00,10299732508.66
A1,A2,A3,B1,B2,B3,C1,C2,C3
,,,,,,,,
A1,A2,A3,B1,B2,B3,C1,C2,C3
,,,,,,,,
